--
-- Script was generated by Devart dbForge Studio 2020 for MySQL, Version 9.0.338.0
-- Product home page: http://www.devart.com/dbforge/mysql/studio
-- Script date 9/7/2022 10:38:03 PM
-- Server version: 10.3.34
-- Client version: 4.1
--

-- 
-- Disable foreign keys
-- 
/*!40014 SET @OLD_FOREIGN_KEY_CHECKS=@@FOREIGN_KEY_CHECKS, FOREIGN_KEY_CHECKS=0 */;

-- 
-- Set SQL mode
-- 
/*!40101 SET @OLD_SQL_MODE=@@SQL_MODE, SQL_MODE='NO_AUTO_VALUE_ON_ZERO' */;

-- 
-- Set character set the client will use to send SQL statements to the server
--
SET NAMES 'utf8';

--
-- Set default database
--
USE `MISA.WEB06.CUKCUK.PQKHANH`;

--
-- Drop procedure `Proc_CheckDuplicate`
--
DROP PROCEDURE IF EXISTS Proc_CheckDuplicate;

--
-- Drop procedure `Proc_GetAll_Food`
--
DROP PROCEDURE IF EXISTS Proc_GetAll_Food;

--
-- Drop procedure `Proc_GetAll_FoodGroup`
--
DROP PROCEDURE IF EXISTS Proc_GetAll_FoodGroup;

--
-- Drop procedure `Proc_GetAll_FoodUnit`
--
DROP PROCEDURE IF EXISTS Proc_GetAll_FoodUnit;

--
-- Drop procedure `Proc_GetAll_ProcessedPlace`
--
DROP PROCEDURE IF EXISTS Proc_GetAll_ProcessedPlace;

--
-- Drop procedure `Proc_GetAll_ServiceHobby`
--
DROP PROCEDURE IF EXISTS Proc_GetAll_ServiceHobby;

--
-- Drop procedure `Proc_GetById_Food`
--
DROP PROCEDURE IF EXISTS Proc_GetById_Food;

--
-- Drop procedure `Proc_GetById_FoodGroup`
--
DROP PROCEDURE IF EXISTS Proc_GetById_FoodGroup;

--
-- Drop procedure `Proc_GetById_FoodUnit`
--
DROP PROCEDURE IF EXISTS Proc_GetById_FoodUnit;

--
-- Drop procedure `Proc_GetById_ProcessedPlace`
--
DROP PROCEDURE IF EXISTS Proc_GetById_ProcessedPlace;

--
-- Drop procedure `Proc_GetById_ServiceHobby`
--
DROP PROCEDURE IF EXISTS Proc_GetById_ServiceHobby;

--
-- Drop procedure `Proc_GetPagingFood`
--
DROP PROCEDURE IF EXISTS Proc_GetPagingFood;

--
-- Drop procedure `Proc_Delete_FoodServiceHobby_ByFoodId`
--
DROP PROCEDURE IF EXISTS Proc_Delete_FoodServiceHobby_ByFoodId;

--
-- Drop procedure `Proc_Delete_FoodServiceHobby_ByServiceHobbyId`
--
DROP PROCEDURE IF EXISTS Proc_Delete_FoodServiceHobby_ByServiceHobbyId;

--
-- Drop procedure `Proc_GetByFoodId_ServiceHobby`
--
DROP PROCEDURE IF EXISTS Proc_GetByFoodId_ServiceHobby;

--
-- Drop procedure `Proc_Insert_FoodServiceHobby`
--
DROP PROCEDURE IF EXISTS Proc_Insert_FoodServiceHobby;

--
-- Drop table `FoodServiceHobby`
--
DROP TABLE IF EXISTS FoodServiceHobby;

--
-- Drop procedure `Proc_Delete_ServiceHobby`
--
DROP PROCEDURE IF EXISTS Proc_Delete_ServiceHobby;

--
-- Drop procedure `Proc_Insert_ServiceHobby`
--
DROP PROCEDURE IF EXISTS Proc_Insert_ServiceHobby;

--
-- Drop procedure `Proc_Update_ServiceHobby`
--
DROP PROCEDURE IF EXISTS Proc_Update_ServiceHobby;

--
-- Drop table `ServiceHobby`
--
DROP TABLE IF EXISTS ServiceHobby;

--
-- Drop view `View_Food`
--
DROP VIEW IF EXISTS View_Food CASCADE;

--
-- Drop procedure `Proc_Delete_Food`
--
DROP PROCEDURE IF EXISTS Proc_Delete_Food;

--
-- Drop procedure `Proc_Insert_Food`
--
DROP PROCEDURE IF EXISTS Proc_Insert_Food;

--
-- Drop procedure `Proc_Update_Food`
--
DROP PROCEDURE IF EXISTS Proc_Update_Food;

--
-- Drop table `Food`
--
DROP TABLE IF EXISTS Food;

--
-- Drop procedure `Proc_Delete_FoodGroup`
--
DROP PROCEDURE IF EXISTS Proc_Delete_FoodGroup;

--
-- Drop procedure `Proc_Insert_FoodGroup`
--
DROP PROCEDURE IF EXISTS Proc_Insert_FoodGroup;

--
-- Drop procedure `Proc_Update_FoodGroup`
--
DROP PROCEDURE IF EXISTS Proc_Update_FoodGroup;

--
-- Drop table `FoodGroup`
--
DROP TABLE IF EXISTS FoodGroup;

--
-- Drop procedure `Proc_Delete_FoodUnit`
--
DROP PROCEDURE IF EXISTS Proc_Delete_FoodUnit;

--
-- Drop procedure `Proc_Insert_FoodUnit`
--
DROP PROCEDURE IF EXISTS Proc_Insert_FoodUnit;

--
-- Drop procedure `Proc_Update_FoodUnit`
--
DROP PROCEDURE IF EXISTS Proc_Update_FoodUnit;

--
-- Drop table `FoodUnit`
--
DROP TABLE IF EXISTS FoodUnit;

--
-- Drop procedure `Proc_Delete_ProcessedPlace`
--
DROP PROCEDURE IF EXISTS Proc_Delete_ProcessedPlace;

--
-- Drop procedure `Proc_Insert_ProcessedPlace`
--
DROP PROCEDURE IF EXISTS Proc_Insert_ProcessedPlace;

--
-- Drop procedure `Proc_Update_ProcessedPlace`
--
DROP PROCEDURE IF EXISTS Proc_Update_ProcessedPlace;

--
-- Drop table `ProcessedPlace`
--
DROP TABLE IF EXISTS ProcessedPlace;

--
-- Set default database
--
USE `MISA.WEB06.CUKCUK.PQKHANH`;

--
-- Create table `ProcessedPlace`
--
CREATE TABLE ProcessedPlace (
  ProcessedPlaceId char(36) NOT NULL DEFAULT '' COMMENT 'Khóa chính bảng địa điểm chế biến',
  ProcessedPlaceName varchar(100) NOT NULL DEFAULT '' COMMENT 'Tên địa điểm chế biến',
  CreatedDate datetime DEFAULT NULL COMMENT 'Ngày tạo bản ghi',
  CreatedBy varchar(100) DEFAULT NULL COMMENT 'Người tạo bản ghi',
  ModifiedDate datetime DEFAULT NULL COMMENT 'Ngày chỉnh sửa gần nhất',
  ModifiedBy varchar(100) DEFAULT NULL COMMENT 'Người chỉnh sửa gần nhất',
  PRIMARY KEY (ProcessedPlaceId)
)
ENGINE = INNODB,
AVG_ROW_LENGTH = 1638,
CHARACTER SET utf8mb4,
COLLATE utf8mb4_general_ci,
COMMENT = 'Bảng địa điểm chế biến';

--
-- Create index `IDX_ProcessedPlace_ProcessedPlaceName` on table `ProcessedPlace`
--
ALTER TABLE ProcessedPlace
ADD INDEX IDX_ProcessedPlace_ProcessedPlaceName (ProcessedPlaceName);

--
-- Create index `UK_ProcessedPlace_ProcessedPlaceId` on table `ProcessedPlace`
--
ALTER TABLE ProcessedPlace
ADD UNIQUE INDEX UK_ProcessedPlace_ProcessedPlaceId (ProcessedPlaceId);

DELIMITER $$

--
-- Create procedure `Proc_Update_ProcessedPlace`
--
CREATE DEFINER = 'dev'@'%'
PROCEDURE Proc_Update_ProcessedPlace (IN $ProcessedPlaceId char(36), IN $ProcessedPlaceName varchar(255))
COMMENT 'Sửa bản ghi địa điểm chế biến'
BEGIN
  UPDATE ProcessedPlace pp
  SET pp.ProcessedPlaceName = $ProcessedPlaceName,
      pp.ModifiedDate = NOW(),
      pp.ModifiedBy = 'pqkhanh'
  WHERE pp.ProcessedPlaceId = $ProcessedPlaceId;
END
$$

--
-- Create procedure `Proc_Insert_ProcessedPlace`
--
CREATE DEFINER = 'dev'@'%'
PROCEDURE Proc_Insert_ProcessedPlace (IN $ProcessedPlaceId char(36), IN $ProcessedPlaceName varchar(255))
COMMENT 'Thêm bản ghi địa điểm chế biến'
BEGIN
  INSERT INTO ProcessedPlace (ProcessedPlaceId, ProcessedPlaceName, CreatedDate, CreatedBy, ModifiedDate, ModifiedBy)
    VALUES ($ProcessedPlaceId, $ProcessedPlace, NOW(), 'pqkhanh', NOW(), 'pqkhanh');
END
$$

--
-- Create procedure `Proc_Delete_ProcessedPlace`
--
CREATE DEFINER = 'dev'@'%'
PROCEDURE Proc_Delete_ProcessedPlace (IN $ProcessedPlaceId char(36))
COMMENT 'Xóa bản ghi địa điểm chế biến'
BEGIN
  DELETE
    FROM ProcessedPlace
  WHERE ProcessedPlaceId = $ProcessedPlaceId;
END
$$

DELIMITER ;

--
-- Create table `FoodUnit`
--
CREATE TABLE FoodUnit (
  FoodUnitId char(36) NOT NULL DEFAULT '' COMMENT 'Khóa chính bảng đơn vị tính',
  FoodUnitName varchar(50) NOT NULL DEFAULT '' COMMENT 'Tên đơn vị tính',
  Description varchar(255) DEFAULT NULL COMMENT 'Mô tả đơn vị',
  CreatedDate datetime DEFAULT NULL COMMENT 'Ngày tạo bản ghi',
  CreatedBy varchar(100) DEFAULT NULL COMMENT 'Người tạo bản ghi',
  ModifiedDate datetime DEFAULT NULL COMMENT 'Ngày chỉnh sửa gần nhất',
  ModifiedBy varchar(100) DEFAULT NULL COMMENT 'Người chỉnh sửa gần nhất',
  PRIMARY KEY (FoodUnitId)
)
ENGINE = INNODB,
AVG_ROW_LENGTH = 1024,
CHARACTER SET utf8mb4,
COLLATE utf8mb4_general_ci,
COMMENT = 'Đơn vị tính';

--
-- Create index `IDX_FoodUnit_FoodUnitName` on table `FoodUnit`
--
ALTER TABLE FoodUnit
ADD INDEX IDX_FoodUnit_FoodUnitName (FoodUnitName);

--
-- Create index `UK_FoodUnit_FoodUnitId` on table `FoodUnit`
--
ALTER TABLE FoodUnit
ADD UNIQUE INDEX UK_FoodUnit_FoodUnitId (FoodUnitId);

DELIMITER $$

--
-- Create procedure `Proc_Update_FoodUnit`
--
CREATE DEFINER = 'dev'@'%'
PROCEDURE Proc_Update_FoodUnit (IN $FoodUnitId char(36), IN $FoodUnitName varchar(255), IN $Description varchar(255))
COMMENT 'Sửa dữ liệu đơn vị tính'
BEGIN
  UPDATE FoodUnit fu
  SET fu.FoodUnitName = $FoodUnitName,
      fu.Description = $Description,
      fu.ModifiedDate = NOW(),
      fu.ModifiedBy = 'pqkhanh'
  WHERE fu.FoodUnitId = $FoodUnitId;
END
$$

--
-- Create procedure `Proc_Insert_FoodUnit`
--
CREATE DEFINER = 'dev'@'%'
PROCEDURE Proc_Insert_FoodUnit (IN $FoodUnitId char(36), IN $FoodUnitName varchar(255), IN $Description varchar(255))
COMMENT 'Thêm bản ghi đơn vị tính'
BEGIN
  INSERT INTO FoodUnit (FoodUnitId, FoodUnitName, Description, CreatedDate, CreatedBy, ModifiedDate, ModifiedBy)
    VALUES ($FoodUnitId, $FoodUnitName, $Description, NOW(), 'pqkhanh', NOW(), 'pqkhanh');
END
$$

--
-- Create procedure `Proc_Delete_FoodUnit`
--
CREATE DEFINER = 'dev'@'%'
PROCEDURE Proc_Delete_FoodUnit (IN $FoodUnitId char(36))
COMMENT 'Xóa bản ghi đơn vị tính'
BEGIN
  DELETE
    FROM FoodUnit
  WHERE FoodUnitId = $FoodUnitId;
END
$$

DELIMITER ;

--
-- Create table `FoodGroup`
--
CREATE TABLE FoodGroup (
  FoodGroupId char(36) NOT NULL DEFAULT '' COMMENT 'Khóa chính bảng nhóm thực đơn',
  FoodGroupCode varchar(100) NOT NULL DEFAULT '' COMMENT 'Mã nhóm thực đơn',
  FoodGroupName varchar(100) NOT NULL DEFAULT '' COMMENT 'Tên nhóm thực đơn',
  Description varchar(255) DEFAULT NULL COMMENT 'Mô tả nhóm thực đơn',
  CreatedDate datetime DEFAULT NULL COMMENT 'Ngày tạo bản ghi',
  CreatedBy varchar(100) DEFAULT NULL COMMENT 'Người tạo bản ghi',
  ModifiedDate datetime DEFAULT NULL COMMENT 'Ngày chỉnh sửa gần nhất',
  ModifiedBy varchar(100) DEFAULT NULL COMMENT 'Người chỉnh sửa gần nhất',
  PRIMARY KEY (FoodGroupId)
)
ENGINE = INNODB,
AVG_ROW_LENGTH = 819,
CHARACTER SET utf8mb4,
COLLATE utf8mb4_general_ci,
COMMENT = 'Bảng nhóm thực đơn';

--
-- Create index `IDX_FoodGroup_FoodGroupName` on table `FoodGroup`
--
ALTER TABLE FoodGroup
ADD INDEX IDX_FoodGroup_FoodGroupName (FoodGroupName);

--
-- Create index `UK_FoodGroup_FoodGroupId` on table `FoodGroup`
--
ALTER TABLE FoodGroup
ADD UNIQUE INDEX UK_FoodGroup_FoodGroupId (FoodGroupId);

DELIMITER $$

--
-- Create procedure `Proc_Update_FoodGroup`
--
CREATE DEFINER = 'dev'@'%'
PROCEDURE Proc_Update_FoodGroup (IN $FoodGroupId char(36), IN $FoodGroupCode varchar(255), IN $FoodGroupName varchar(255), IN $Description varchar(255))
COMMENT 'Sửa bản ghi nhóm thực đơn'
BEGIN
  UPDATE FoodGroup fg
  SET fg.FoodGroupCode = $FoodGroupCode,
      fg.FoodGroupName = $FoodGroupName,
      fg.Description = $Description,
      fg.ModifiedDate = NOW(),
      fg.ModifiedBy = 'pqkhanh'
  WHERE fg.FoodGroupId = $FoodGroupId;
END
$$

--
-- Create procedure `Proc_Insert_FoodGroup`
--
CREATE DEFINER = 'dev'@'%'
PROCEDURE Proc_Insert_FoodGroup (IN $FoodGroupId char(36), IN $FoodGroupCode varchar(255), IN $FoodGroupName varchar(255), IN $Description varchar(255))
COMMENT 'Thêm bản ghi nhóm thực đơn'
BEGIN
  INSERT INTO FoodGroup (FoodGroupId, FoodGroupCode, FoodGroupName, Description, CreatedDate, CreatedBy, ModifiedDate, ModifiedBy)
    VALUES ($FoodGroupId, $FoodGroupCode, $FoodGroupName, $Description, NOW(), 'pqkhanh', NOW(), 'pqkhanh');
END
$$

--
-- Create procedure `Proc_Delete_FoodGroup`
--
CREATE DEFINER = 'dev'@'%'
PROCEDURE Proc_Delete_FoodGroup (IN $FoodGroupId char(36))
COMMENT 'Xóa bản ghi nhóm thực đơn'
BEGIN
  DELETE
    FROM FoodGroup
  WHERE FoodGroupId = $FoodGroupId;
END
$$

DELIMITER ;

--
-- Create table `Food`
--
CREATE TABLE Food (
  FoodId char(36) NOT NULL DEFAULT '' COMMENT 'Khóa chính bảng thực đơn',
  FoodCode varchar(100) NOT NULL DEFAULT '' COMMENT 'Mã món ăn',
  FoodName varchar(255) NOT NULL DEFAULT '' COMMENT 'Tên món ăn',
  FoodUnitId char(36) NOT NULL DEFAULT '' COMMENT 'Đơn vị tính',
  FoodGroupId char(36) DEFAULT NULL COMMENT 'Nhóm thực đơn',
  ProcessedPlaceId char(36) DEFAULT NULL COMMENT 'Địa điểm chế biến',
  FoodPrice decimal(18, 4) NOT NULL COMMENT 'Giá bán',
  FoodInvest decimal(18, 4) DEFAULT NULL COMMENT 'Giá vốn',
  Description varchar(255) DEFAULT NULL COMMENT 'Mô tả',
  ShowOnMenu int(11) DEFAULT NULL COMMENT 'Hiển thị trên thực đơn 0- khong hiển thị, 1- có hiển thị',
  ImageUrl varchar(255) DEFAULT NULL COMMENT 'URL chứa ảnh món ăn',
  CreatedDate datetime DEFAULT NULL COMMENT 'Ngày tạo bản ghi',
  CretaedBy varchar(100) DEFAULT NULL COMMENT 'Người tạo bản ghi',
  ModifiedDate datetime DEFAULT NULL COMMENT 'Ngày chỉnh sửa gần nhất',
  ModifiedBy varchar(100) DEFAULT NULL COMMENT 'Người chỉnh sửa gần nhât',
  PRIMARY KEY (FoodId)
)
ENGINE = INNODB,
AVG_ROW_LENGTH = 411,
CHARACTER SET utf8mb4,
COLLATE utf8mb4_general_ci,
COMMENT = 'Bảng thực đơn món ăn';

--
-- Create index `IDX_Food_FoodName` on table `Food`
--
ALTER TABLE Food
ADD INDEX IDX_Food_FoodName (FoodName);

--
-- Create index `IDX_Food_FoodPrice` on table `Food`
--
ALTER TABLE Food
ADD INDEX IDX_Food_FoodPrice (FoodPrice);

--
-- Create index `UK_Food_FoodCode` on table `Food`
--
ALTER TABLE Food
ADD UNIQUE INDEX UK_Food_FoodCode (FoodCode);

--
-- Create index `UK_Food_FoodId` on table `Food`
--
ALTER TABLE Food
ADD UNIQUE INDEX UK_Food_FoodId (FoodId);

--
-- Create foreign key
--
ALTER TABLE Food
ADD CONSTRAINT FK_Food_FoodGroupId FOREIGN KEY (FoodGroupId)
REFERENCES FoodGroup (FoodGroupId) ON DELETE NO ACTION ON UPDATE NO ACTION;

--
-- Create foreign key
--
ALTER TABLE Food
ADD CONSTRAINT FK_Food_FoodUnitId FOREIGN KEY (FoodUnitId)
REFERENCES FoodUnit (FoodUnitId) ON DELETE NO ACTION ON UPDATE NO ACTION;

--
-- Create foreign key
--
ALTER TABLE Food
ADD CONSTRAINT FK_Food_ProcessedPlaceId FOREIGN KEY (ProcessedPlaceId)
REFERENCES ProcessedPlace (ProcessedPlaceId) ON DELETE NO ACTION ON UPDATE NO ACTION;

DELIMITER $$

--
-- Create procedure `Proc_Update_Food`
--
CREATE DEFINER = 'dev'@'%'
PROCEDURE Proc_Update_Food (IN $FoodId char(36), IN $FoodCode varchar(255), IN $FoodName varchar(255), IN $FoodUnitId char(36), IN $FoodGroupId char(36), IN $ProcessedPlaceId char(36), IN $FoodPrice decimal(10, 0), IN $FoodInvest decimal(10, 0), IN $Description varchar(255), IN $ShowOnMenu int, IN $ImageUrl varchar(255))
COMMENT 'Sửa bàn ghi món ăn'
BEGIN
  UPDATE Food f
  SET f.FoodCode = $FoodCode,
      f.FoodName = $FoodName,
      f.FoodUnitId = $FoodUnitId,
      f.FoodGroupId = $FoodGroupId,
      f.ProcessedPlaceId = $ProcessedPlaceId,
      f.FoodPrice = $FoodPrice,
      f.FoodInvest = $FoodInvest,
      f.Description = $Description,
      f.ShowOnMenu = $ShowOnMenu,
      f.ImageUrl = $ImageUrl,
      f.ModifiedDate = NOW(),
      f.ModifiedBy = 'pqkhanh'
  WHERE f.FoodId = $FoodId;
END
$$

--
-- Create procedure `Proc_Insert_Food`
--
CREATE DEFINER = 'dev'@'%'
PROCEDURE Proc_Insert_Food (IN $FoodId char(36), IN $FoodCode varchar(255), IN $FoodName varchar(255), IN $FoodUnitId char(36), IN $FoodGroupId char(36), IN $ProcessedPlaceId char(36), IN $FoodPrice decimal(10, 0), IN $FoodInvest decimal(10, 0), IN $Description varchar(255), IN $ShowOnMenu int, IN $ImageUrl varchar(255))
COMMENT 'Thêm bản  ghi món ăn vào bảng food'
BEGIN
  INSERT INTO Food (FoodId, FoodCode, FoodName, FoodUnitId, FoodGroupId, ProcessedPlaceId, FoodPrice, FoodInvest, Description, ShowOnMenu, ImageUrl, CreatedDate, CreatedBy, ModifiedDate, ModifiedBy)
    VALUES ($FoodId, $FoodCode, $FoodName, $FoodUnitId, $FoodGroupId, $ProcessedPlaceId, $FoodPrice, $FoodInvest, $Description, $ShowOnMenu, $ImageUrl, NOW(), 'pqkhanh', NOW(), 'pqkhanh');
END
$$

--
-- Create procedure `Proc_Delete_Food`
--
CREATE DEFINER = 'dev'@'%'
PROCEDURE Proc_Delete_Food (IN $FoodId char(36))
COMMENT 'Xóa bản ghi món ăn, đồng thời xóa sở thích phục vụ tương ứng'
BEGIN
  DELETE
    FROM Food
  WHERE FoodId = $FoodId;
END
$$

DELIMITER ;

--
-- Create view `View_Food`
--
CREATE
DEFINER = 'dev'@'%'
VIEW View_Food
AS
SELECT
  `f`.`FoodId` AS `FoodId`,
  `f`.`FoodCode` AS `FoodCode`,
  `f`.`FoodName` AS `FoodName`,
  `f`.`FoodUnitId` AS `FoodUnitId`,
  `fu`.`FoodUnitName` AS `FoodUnitName`,
  `f`.`FoodGroupId` AS `FoodGroupId`,
  `fg`.`FoodGroupName` AS `FoodGroupName`,
  `f`.`ProcessedPlaceId` AS `ProcessedPlaceId`,
  `pp`.`ProcessedPlaceName` AS `ProcessedPlaceName`,
  `f`.`FoodPrice` AS `FoodPrice`,
  `f`.`FoodInvest` AS `FoodInvest`,
  `f`.`Description` AS `Description`,
  `f`.`ShowOnMenu` AS `ShowOnMenu`,
  `f`.`ImageUrl` AS `ImageUrl`,
  `f`.`CreatedDate` AS `CreatedDate`
FROM (((`Food` `f`
  LEFT JOIN `FoodUnit` `fu`
    ON (`f`.`FoodUnitId` = `fu`.`FoodUnitId`))
  LEFT JOIN `FoodGroup` `fg`
    ON (`f`.`FoodGroupId` = `fg`.`FoodGroupId`))
  LEFT JOIN `ProcessedPlace` `pp`
    ON (`f`.`ProcessedPlaceId` = `pp`.`ProcessedPlaceId`));

--
-- Create table `ServiceHobby`
--
CREATE TABLE ServiceHobby (
  ServiceHobbyId char(36) NOT NULL DEFAULT '' COMMENT 'Khóa chính bảng sở thích phục vụ',
  ServiceHobbyName varchar(255) NOT NULL DEFAULT '' COMMENT 'Nội dung sở thích phục vụ',
  Fee decimal(18, 4) NOT NULL COMMENT 'Phí thu thêm',
  CreatedDate datetime DEFAULT NULL COMMENT 'Ngày tạo bản ghi',
  CreatedBy varchar(100) DEFAULT NULL COMMENT 'Người tạo bản ghi',
  ModifiedDate datetime DEFAULT NULL COMMENT 'Ngày chỉnh sửa gần nhất',
  ModifiedBy varchar(100) DEFAULT NULL COMMENT 'Người chỉnh sửa gần nhất',
  PRIMARY KEY (ServiceHobbyId)
)
ENGINE = INNODB,
AVG_ROW_LENGTH = 862,
CHARACTER SET utf8mb4,
COLLATE utf8mb4_general_ci,
COMMENT = 'Bảng sở thích phục vụ';

--
-- Create index `IDX_ServiceHobby_ServiceHobbyName` on table `ServiceHobby`
--
ALTER TABLE ServiceHobby
ADD INDEX IDX_ServiceHobby_ServiceHobbyName (ServiceHobbyName);

--
-- Create index `UK_ServiceHobby_ServiceHobbyId` on table `ServiceHobby`
--
ALTER TABLE ServiceHobby
ADD UNIQUE INDEX UK_ServiceHobby_ServiceHobbyId (ServiceHobbyId);

DELIMITER $$

--
-- Create procedure `Proc_Update_ServiceHobby`
--
CREATE DEFINER = 'dev'@'%'
PROCEDURE Proc_Update_ServiceHobby (IN $ServiceHobbyId char(36), IN $ServiceHobbyName varchar(255), IN $Fee decimal)
COMMENT 'Sửa bản ghi sở thích phục vụ'
BEGIN
  UPDATE ServiceHobby sh
  SET sh.ServiceHobbyName = $ServiceHobbyName,
      sh.Fee = $Fee,
      sh.ModifiedDate = NOW(),
      sh.ModifiedBy = 'pqkhanh'
  WHERE sh.ServiceHobbyId = $ServiceHobbyId;
END
$$

--
-- Create procedure `Proc_Insert_ServiceHobby`
--
CREATE DEFINER = 'dev'@'%'
PROCEDURE Proc_Insert_ServiceHobby (IN $ServiceHobbyId char(36), IN $ServiceHobbyName varchar(255), IN $Fee decimal(10, 0))
COMMENT 'Thêm bản ghi sở thích phục vụ'
BEGIN
  INSERT INTO ServiceHobby (ServiceHobbyId, ServiceHobbyName, Fee, CreatedDate, CreatedBy, ModifiedDate, ModifiedBy)
    VALUES ($ServiceHobbyId, $ServiceHobbyName, $Fee, NOW(), 'pqkhanh', NOW(), 'pqkhanh');
END
$$

--
-- Create procedure `Proc_Delete_ServiceHobby`
--
CREATE DEFINER = 'dev'@'%'
PROCEDURE Proc_Delete_ServiceHobby (IN $ServiceHobbyId char(36))
COMMENT 'Xóa bản ghi sở thích phục vụ, đồng thời xóa các bản ghi có sở thích phục vụ tương ứng tại bảng food service hobby '
BEGIN
  DELETE
    FROM ServiceHobby
  WHERE ServiceHobbyId = $ServiceHobbyId;
END
$$

DELIMITER ;

--
-- Create table `FoodServiceHobby`
--
CREATE TABLE FoodServiceHobby (
  FoodId char(36) NOT NULL DEFAULT '' COMMENT 'Khóa chính bảng thực đơn',
  ServiceHobbyId char(36) NOT NULL DEFAULT '' COMMENT 'Khóa chính bảng sở thích phục vụ',
  CreatedDate datetime DEFAULT NULL COMMENT 'Ngày tạo bản ghi',
  CreatedBy varchar(100) DEFAULT NULL COMMENT 'Người tạo bản ghi',
  ModifiedDate datetime DEFAULT NULL COMMENT 'Ngày chỉnh sửa gần nhất',
  ModifiedBy varchar(100) DEFAULT NULL COMMENT 'Người chỉnh sửa gần nhất',
  PRIMARY KEY (FoodId, ServiceHobbyId)
)
ENGINE = INNODB,
AVG_ROW_LENGTH = 341,
CHARACTER SET utf8mb4,
COLLATE utf8mb4_general_ci,
COMMENT = 'Sở thích phục vụ của từng món ăn';

--
-- Create foreign key
--
ALTER TABLE FoodServiceHobby
ADD CONSTRAINT FK_FoodServiceHobby_FoodId FOREIGN KEY (FoodId)
REFERENCES Food (FoodId) ON DELETE NO ACTION ON UPDATE NO ACTION;

--
-- Create foreign key
--
ALTER TABLE FoodServiceHobby
ADD CONSTRAINT FK_FoodServiceHobby_ServiceHobbyId FOREIGN KEY (ServiceHobbyId)
REFERENCES ServiceHobby (ServiceHobbyId) ON DELETE CASCADE ON UPDATE NO ACTION;

DELIMITER $$

--
-- Create procedure `Proc_Insert_FoodServiceHobby`
--
CREATE DEFINER = 'dev'@'%'
PROCEDURE Proc_Insert_FoodServiceHobby (IN $FoodId char(36), IN $ServiceHobbyId char(36))
COMMENT 'Thêm các sở thích phục vụ theo foodId'
BEGIN
  INSERT INTO FoodServiceHobby (FoodId, ServiceHobbyId, CreatedDate, CreatedBy, ModifiedDate, ModifiedBy)
    VALUES ($FoodId, $ServiceHobbyId, NOW(), 'pqkhanh', NOW(), 'pqkhanh');
END
$$

--
-- Create procedure `Proc_GetByFoodId_ServiceHobby`
--
CREATE DEFINER = 'dev'@'%'
PROCEDURE Proc_GetByFoodId_ServiceHobby (IN $FoodId char(36))
COMMENT 'Lấy toàn bộ sở thích phục vụ theo foodId'
BEGIN
  SELECT
    fsh.FoodId,
    fsh.ServiceHobbyId,
    sh.ServiceHobbyName,
    sh.Fee
  FROM FoodServiceHobby fsh
    JOIN ServiceHobby sh
      ON fsh.ServiceHobbyId = sh.ServiceHobbyId
  WHERE fsh.FoodId = $FoodId;
END
$$

--
-- Create procedure `Proc_Delete_FoodServiceHobby_ByServiceHobbyId`
--
CREATE DEFINER = 'dev'@'%'
PROCEDURE Proc_Delete_FoodServiceHobby_ByServiceHobbyId (IN $ServiceHobbyId varchar(255))
COMMENT 'Xóa các bản ghi sở thích phục vụ theo service hobby id'
BEGIN
  DELETE
    FROM FoodServiceHobby
  WHERE ServiceHobbyId = $ServiceHobbyId;
END
$$

--
-- Create procedure `Proc_Delete_FoodServiceHobby_ByFoodId`
--
CREATE DEFINER = 'dev'@'%'
PROCEDURE Proc_Delete_FoodServiceHobby_ByFoodId (IN $FoodId char(36))
COMMENT 'Xóa các sở thích phục vụ theo foodId'
BEGIN
  DELETE
    FROM FoodServiceHobby
  WHERE FoodId = $FoodId;
END
$$

--
-- Create procedure `Proc_GetPagingFood`
--
CREATE DEFINER = 'dev'@'%'
PROCEDURE Proc_GetPagingFood (IN $pageIndex int, IN $pageSize int, IN $where varchar(255), IN $sortBy varchar(255), IN $sortType varchar(255))
COMMENT 'Lấy món ăn theo phân trang, lọc'
BEGIN
  DECLARE _OFFSET int;
  DECLARE _LIMIT int;
  SET _LIMIT = $pageSize;
  SET _OFFSET = ($pageIndex - 1) * $pageSize;

  SET @Query = CONCAT('SELECT f.*, fu.FoodUnitName, fg.FoodGroupName, pp.ProcessedPlaceName FROM Food f  
  LEFT JOIN FoodUnit fu ON f.FoodUnitId = fu.FoodUnitId LEFT JOIN FoodGroup fg ON f.FoodGroupId = fg.FoodGroupId LEFT JOIN ProcessedPlace pp ON f.ProcessedPlaceId = pp.ProcessedPlaceId ', $where, ' ORDER BY ', $sortBy, ' ', $sortType, ' LIMIT ', _LIMIT, ' OFFSET ', _OFFSET);
  PREPARE FoodFilter FROM @Query;
  EXECUTE FoodFilter;
  DEALLOCATE PREPARE FoodFilter;

  SET @Query = CONCAT('SELECT COUNT(FoodId) FROM Food ', $where);
  PREPARE TotalRecord FROM @Query;
  EXECUTE TotalRecord;
  DEALLOCATE PREPARE TotalRecord;
END
$$

--
-- Create procedure `Proc_GetById_ServiceHobby`
--
CREATE DEFINER = 'dev'@'%'
PROCEDURE Proc_GetById_ServiceHobby (IN $ServiceHobbyId char(36))
COMMENT 'Lấy sở thích phục vụ theo Id'
BEGIN
  SELECT
    sh.*
  FROM ServiceHobby sh
  WHERE sh.ServiceHobbyId = $ServiceHobbyId;
END
$$

--
-- Create procedure `Proc_GetById_ProcessedPlace`
--
CREATE DEFINER = 'dev'@'%'
PROCEDURE Proc_GetById_ProcessedPlace (IN $ProcessedPlace char(36))
COMMENT 'Lấy địa điểm chế biến theo Id'
BEGIN
  SELECT
    pp.*
  FROM ProcessedPlace pp
  WHERE pp.ProcessedPlaceId = $ProcessedPlace;
END
$$

--
-- Create procedure `Proc_GetById_FoodUnit`
--
CREATE DEFINER = 'dev'@'%'
PROCEDURE Proc_GetById_FoodUnit (IN $FoodUnitId char(36))
COMMENT 'Lấy đơn vị tính theo id'
BEGIN
  SELECT
    fu.*
  FROM FoodUnit fu
  WHERE fu.FoodUnitId = $FoodUnitId;
END
$$

--
-- Create procedure `Proc_GetById_FoodGroup`
--
CREATE DEFINER = 'dev'@'%'
PROCEDURE Proc_GetById_FoodGroup (IN $FoodGroupId char(36))
COMMENT 'lấy nhóm thức ăn theo id'
BEGIN
  SELECT
    fg.*
  FROM FoodGroup fg
  WHERE fg.FoodGroupId = $FoodGroupId;
END
$$

--
-- Create procedure `Proc_GetById_Food`
--
CREATE DEFINER = 'dev'@'%'
PROCEDURE Proc_GetById_Food (IN $FoodId char(36))
COMMENT 'Lấy món ăn theo id'
BEGIN
  SELECT
    vf.*
  FROM View_Food vf
  WHERE vf.FoodId = $FoodId;
END
$$

--
-- Create procedure `Proc_GetAll_ServiceHobby`
--
CREATE DEFINER = 'dev'@'%'
PROCEDURE Proc_GetAll_ServiceHobby ()
COMMENT 'Lấy toàn bộ sở thích phục vụ'
BEGIN
  SELECT
    sh.*
  FROM ServiceHobby sh
  ORDER BY sh.CreatedDate DESC;
END
$$

--
-- Create procedure `Proc_GetAll_ProcessedPlace`
--
CREATE DEFINER = 'dev'@'%'
PROCEDURE Proc_GetAll_ProcessedPlace ()
COMMENT 'Lấy toàn bộ địa điểm chế biến'
BEGIN
  SELECT
    pp.*
  FROM ProcessedPlace pp
  ORDER BY pp.CreatedDate DESC;
END
$$

--
-- Create procedure `Proc_GetAll_FoodUnit`
--
CREATE DEFINER = 'dev'@'%'
PROCEDURE Proc_GetAll_FoodUnit ()
COMMENT 'Lấy toàn bộ dữ liệu đơn vị'
BEGIN
  SELECT
    fu.*
  FROM FoodUnit fu
  ORDER BY fu.CreatedDate DESC;
END
$$

--
-- Create procedure `Proc_GetAll_FoodGroup`
--
CREATE DEFINER = 'dev'@'%'
PROCEDURE Proc_GetAll_FoodGroup ()
COMMENT 'Lấy toàn bộ nhóm thực đơn'
BEGIN
  SELECT
    fg.*
  FROM FoodGroup fg
  ORDER BY fg.CreatedDate DESC;
END
$$

--
-- Create procedure `Proc_GetAll_Food`
--
CREATE DEFINER = 'dev'@'%'
PROCEDURE Proc_GetAll_Food ()
COMMENT 'Lấy toàn bộ thông tin về món ăn'
BEGIN
  SELECT
    vf.*
  FROM View_Food vf
  ORDER BY vf.CreatedDate DESC;
END
$$

--
-- Create procedure `Proc_CheckDuplicate`
--
CREATE DEFINER = 'dev'@'%'
PROCEDURE Proc_CheckDuplicate (IN $Id char(36), IN $Text varchar(255), IN $Column varchar(255), IN $Table varchar(255))
COMMENT 'Kiểm tra trùng mã món ăn, tên đơn vị.....'
BEGIN
  SET @Query = CONCAT('SELECT ', $Column, ' FROM ', $Table, ' WHERE ', $Column, ' = ', '"', $Text, '"', ' AND ', $Table, 'Id', ' != ', '"', $Id, '"');
  PREPARE valueReturn FROM @Query;
  EXECUTE valueReturn;
  DEALLOCATE PREPARE valueReturn;
END
$$

DELIMITER ;

-- 
-- Dumping data for table ProcessedPlace
--
INSERT INTO ProcessedPlace VALUES
('114b715b-430f-74cd-d5c6-21b180c0988f', 'Bar 3', '2022-06-15 19:11:08', 'Trịnh Việt Thanh ', '2022-06-17 13:24:19', 'Trịnh Quốc Mạnh '),
('1242d680-4f02-3bbb-9d66-a58ab8ff47ca', 'Bếp phụ', '2021-05-07 05:28:52', 'Nguyễn Thái Thuận ', '2021-05-12 05:35:24', 'Đinh Quốc Cường '),
('13a507d0-342d-6292-6de3-2ceaa9cf3765', 'Bar 2', '2021-01-06 21:12:32', 'Nguyễn Tuấn Trường ', '2021-01-09 18:18:09', 'Nguyễn Đức Thuận '),
('1949dae3-4d44-217e-9c66-a58ab8ff47ca', 'Kho', '2021-02-23 09:15:05', 'Hoàng Ngọc Tuấn ', '2021-03-02 16:15:31', 'Võ Văn Thanh '),
('1f60e54f-196f-45f3-5498-ae38c5379e4b', 'Bar 1', '2021-01-23 22:43:02', 'Nguyễn  Thị Ngọc', '2021-01-27 06:43:23', 'Nguyễn Văn Nhật '),
('3650c04e-62b1-6908-5598-ae38c5379e4b', 'Bếp 1', '2020-04-01 15:30:08', 'Nguyễn Đức Thanh ', '2020-04-03 18:49:17', 'Nguyễn Văn Hiếu '),
('47782bc9-1bf1-7c7b-6ee3-2ceaa9cf3765', 'Bếp 2', '2020-01-01 00:03:18', 'Hoàng Tuấn Minh ', '2020-01-02 07:50:34', NULL),
('4958949d-17c9-454d-841b-27d9d367aeb0', 'Bếp 3', '2022-07-27 09:24:06', 'Hoàng Thái Khánh ', '2022-08-01 09:08:13', 'Nguyễn Thái Cường '),
('6827e1c0-5b98-6d19-831b-27d9d367aeb0', 'Bếp 4', '2020-09-12 05:15:57', 'Trịnh Quốc Minh ', '2020-09-17 00:55:16', 'Hoàng Quốc Anh '),
('6e0dc48e-3eac-6143-9b66-a58ab8ff47ca', 'Bếp chính', '2020-05-19 07:57:32', 'Trịnh Thái Tuấn ', '2020-05-27 03:38:35', 'Nguyễn Quốc Tuấn ');

-- 
-- Dumping data for table FoodUnit
--
INSERT INTO FoodUnit VALUES
('11643064-22fb-7e14-1399-04b3a3d51ef2', 'Suất', NULL, '2020-09-17 08:33:32', 'Hoàng Đức Thuận ', '2020-09-20 23:31:52', 'Nguyễn  Quỳnh Ngọc'),
('11fbda18-5d9f-396c-1299-04b3a3d51ef2', 'Lọ', 'Đơn vị tính', '2021-07-09 03:02:28', 'Mai Ngọc Mạnh ', '2021-07-10 19:53:55', 'Nguyễn Minh Cường '),
('15b4ab0a-3b8f-6f6f-2a8f-4d82f3a13455', 'Kg', NULL, '2021-10-18 03:49:28', 'Nguyễn Minh Thanh ', '2021-10-24 18:48:41', 'Nguyễn Thái Tuấn '),
('33c6f0f4-3591-2c8e-1244-cfd00e0a9b3b', 'Miếng ', NULL, '2020-03-19 19:14:18', 'Mai Quốc Hiếu ', '2020-03-22 05:12:03', 'Trịnh Văn Trường '),
('3d1c5555-3e10-56cf-2b8f-4d82f3a13455', 'Hộp', NULL, '2022-04-26 22:17:58', 'Nguyễn Thái Thanh ', '2022-04-27 20:33:14', 'Nguyễn Ngọc Trường '),
('4a0e751e-750e-45c3-de78-cf6d4dd5c4a3', 'Đĩa', NULL, '2020-01-01 00:10:13', 'Mai Ngọc Sơn ', '2020-01-06 09:11:55', 'Bùi Quang Thái '),
('4bfe55ba-57df-274c-1144-cfd00e0a9b3b', 'Ly', NULL, '2020-12-24 15:58:52', 'Nguyễn Ngọc Sơn ', '2020-12-25 02:45:11', 'Nguyễn  Quỳnh Ngọc'),
('5ada22d3-3248-6596-6e1a-bb545470e80c', 'Chiếc ', NULL, '2021-05-09 00:31:04', 'Nguyễn Đức Sơn ', '2021-05-12 22:17:41', 'Trân Quang Anh '),
('5e6695e2-5aad-3241-6c1a-bb545470e80c', 'Két', NULL, '2021-12-13 10:55:59', 'Nguyễn Ngọc Hương ', '2021-12-17 20:07:08', 'Nguyễn Thái Nhật '),
('60e226cb-63fb-4363-fc4d-8601bf3d85d8', 'Gram', NULL, '2020-01-01 00:01:08', 'Hoàng Thái Hương ', '2020-01-03 19:50:08', 'Trân Đức Hiếu '),
('6207a9a7-3bf9-7288-8565-390639088226', 'Thùng', 'Đơn vị tính', '2022-02-18 06:42:42', 'Nguyễn Tuấn Sơn ', '2022-02-24 07:19:13', 'Phạm Quang Hoàng '),
('697be7ba-1738-6adf-298f-4d82f3a13455', 'rá rổ', 'edềcvrv', '2020-10-20 11:02:44', 'Nguyễn Minh Hiếu ', '2022-09-07 07:21:36', 'pqkhanh'),
('6d81a322-63f0-7270-6d1a-bb545470e80c', 'Bát', 'Đơn vị tính', '2020-01-01 01:08:43', 'Nông  Mai Hân', '2020-01-05 22:02:50', 'Nguyễn Tuấn Nhật '),
('6ed2e962-178c-712c-fd4d-8601bf3d85d8', 'Phần ', NULL, '2021-07-16 00:21:43', 'Lê Tuấn Tuấn ', '2021-07-21 07:13:31', 'Nguyễn Việt Mạnh '),
('76598eb0-20b1-664e-8665-390639088226', 'Tô', NULL, '2021-01-25 02:10:34', 'Võ Việt Thuận ', '2021-01-30 21:09:53', 'Nguyễn Thái Tuấn '),
('80cb7771-2e5e-11ed-82ee-0259e1bc84a2', 'Cốc', NULL, '2022-09-07 03:38:14', 'pqkhanh', '2022-09-07 03:38:14', 'pqkhanh');

-- 
-- Dumping data for table FoodGroup
--
INSERT INTO FoodGroup VALUES
('16f20a3e-4e43-1b90-cbc7-6c0aeb6ec302', 'COM', 'Cơm', NULL, '2020-02-17 03:50:36', 'Mai  Thị Ly', '2020-02-23 23:46:59', 'Bùi Tuấn Sơn '),
('1731fa87-79fd-4cc1-6978-553c0310877a', 'RAU', 'Rau', NULL, '2021-01-28 07:52:46', 'Lê Tuấn Tuấn ', '2021-02-04 04:41:20', 'Nguyễn Việt Thái '),
('185f84ed-4563-51a0-cac7-6c0aeb6ec302', 'CHAO', 'Cháo', NULL, '2021-12-16 06:02:29', 'Nguyễn Việt Tuấn ', '2021-12-20 13:55:56', 'Đinh Minh Thái '),
('19165ed7-212e-21c4-0428-030d4265475f', 'MONTRUNG', 'Món Trung', NULL, '2021-03-06 11:27:46', 'Võ  Quỳnh Giang', '2021-03-11 19:02:16', 'Nguyễn Quang Nhật '),
('1ce192a3-6b70-712d-fa74-9471face0ab4', 'DIEMTAM', 'Điểm tâm', NULL, '2022-06-03 17:35:09', 'Trịnh Tuấn Minh ', '2022-06-05 11:08:28', 'Nguyễn Quang Nhật '),
('27366e4a-5248-12e3-e312-ebbbcf065d1c', 'CHIEN', 'Chiên', NULL, '2020-01-01 00:04:54', 'Nguyễn Đức Hoàng ', '2020-01-01 02:34:33', 'Nguyễn Văn Cường '),
('2924c34d-68f1-1d0a-c9c7-6c0aeb6ec302', 'XAO', 'Xào', NULL, '2022-03-10 22:59:38', 'Phạm  Thị Ly', '2022-03-13 01:33:30', 'Trân Tuấn Trường '),
('29d431fd-2d4b-248f-b2ad-cb989f2177da', 'NUONG', 'Nướng', NULL, '2022-07-01 20:25:35', 'Nguyễn Thái Bằng ', '2022-07-05 15:38:33', 'Trịnh Thái Minh '),
('2d7c5749-57b4-3c7a-eddc-845b5dcdad45', 'DOANNHANH', 'Đồ ăn nhanh', NULL, '2020-01-01 00:08:32', 'Nguyễn Văn Khánh ', '2020-01-04 05:46:27', 'Hoàng Tuấn Thành '),
('3631011e-4559-4ad8-b0ad-cb989f2177da', 'MONCHAY', 'Món chay', NULL, '2022-08-20 19:08:05', 'Nguyễn Quốc Thuận ', '2022-08-25 12:47:59', 'Nguyễn Đức Cường '),
('3be7f5cf-7438-6ede-83c3-d3ede7a72094', 'LAU', 'Lẩu', NULL, '2022-08-18 19:25:35', 'Nguyễn Minh Bằng ', '2022-08-20 05:42:42', 'Mai Quốc Nhật '),
('471530a2-44fe-7395-b1ad-cb989f2177da', 'CANH', 'Canh', NULL, '2020-01-01 00:08:53', 'Võ Minh Cường ', '2020-01-06 22:07:31', 'Hoàng Việt Thành '),
('4cf2dd43-5f4b-71b6-e212-ebbbcf065d1c', 'MONTHAI', 'Món Thái', NULL, '2022-02-07 20:26:21', 'Nguyễn Đức Tuấn ', '2022-02-08 15:26:24', 'Bùi Quang Hiếu '),
('5626a583-2f8f-4518-e229-16c01537719a', 'BUN', 'Bún', NULL, '2020-08-23 18:53:10', 'Nguyễn Đức Trường ', '2020-08-28 10:10:27', 'Hoàng Văn Sơn '),
('5f620c85-55d9-7632-6a78-553c0310877a', 'HAP', 'Hấp', NULL, '2021-09-21 17:22:27', 'Hoàng  Thị Hương', '2021-09-25 08:14:34', 'Hoàng Tuấn Tuấn '),
('5f7b48e5-16f9-2f2f-ecdc-845b5dcdad45', 'BANHMI', 'Bánh mì', NULL, '2021-05-19 19:47:35', 'Bùi Tuấn Thành ', '2021-05-25 00:24:07', 'Trịnh Ngọc Trường '),
('79e2659b-1e78-7dc9-0528-030d4265475f', 'MONHAN', 'Món Hàn', NULL, '2020-01-01 00:00:06', 'Bùi Việt Trường ', '2020-01-06 12:20:27', 'Đinh  Thị Diễm'),
('7a0b757e-41eb-4df6-c6f8-494a84b910f4', 'CA', 'Cá', NULL, '2022-05-18 08:29:24', 'Trịnh Đức Khánh ', '2022-05-25 02:16:29', 'Hoàng Đức Hoàng '),
('7b01963d-2bc0-5b15-82c3-d3ede7a72094', 'KEM', 'Kem', NULL, '2020-04-19 06:11:50', 'Nguyễn Quang Mạnh ', '2020-04-21 04:00:01', 'Nông Minh Ngọc '),
('7dcdc0cb-212f-604b-c7f8-494a84b910f4', 'PHO', 'Phở', NULL, '2020-01-01 02:05:18', 'Nguyễn  Quỳnh Linh', '2020-01-05 13:27:31', 'Nguyễn Quang Trường ');

-- 
-- Dumping data for table ServiceHobby
--
INSERT INTO ServiceHobby VALUES
('11131843-6f2a-7a2b-5052-ee3684e78c27', 'Ít nước', 111009.9920, '2020-04-04 22:11:43', 'Nguyễn Ngọc Trường ', '2020-04-08 06:16:22', 'Nguyễn Văn Tuấn '),
('191b53ff-4a53-52aa-6641-16298a76bb64', 'Không rau', 42323.0347, '2021-02-13 17:52:57', 'Bùi Đức Cường ', '2021-02-18 16:52:40', 'Trịnh Việt Khánh '),
('2000637a-2a69-2e7e-a135-f63bd3f197bd', 'Ít dầu mỡ', 50746.1479, '2020-11-21 18:02:14', 'Nguyễn Việt Sơn ', '2020-11-24 17:23:01', 'Lê Ngọc Hương '),
('28e5fb2c-277e-7ba7-89ea-778aee59fea3', 'Thêm hành khô', 105661.9429, '2020-10-09 01:23:24', 'Trịnh Thái Sơn ', '2020-10-11 02:23:40', 'Nguyễn Văn Tuấn '),
('2cae53dc-6c39-2a1e-4df6-9777a5de214b', 'Chay', 172905.8140, '2022-07-07 09:09:24', 'Nguyễn Việt Hoàng ', '2022-07-10 20:52:46', 'Nguyễn Tuấn Cường '),
('2f26fe39-4c98-690e-a235-f63bd3f197bd', 'Nhiều hành', 89047.1841, '2021-05-23 01:31:27', 'Võ Quốc Khánh ', NULL, NULL),
('30007451-29ff-4fe4-3707-70859f4ff30d', 'Thêm giò', 109883.2865, '2022-01-14 14:56:54', 'Bùi Việt Ngọc ', '2022-01-14 22:26:27', 'Phạm Thái Hương '),
('309d2263-2362-1f28-93ef-c9d5c2d91e91', 'Thêm ớt', 11932.0963, '2021-05-06 06:30:18', 'Nguyễn Việt Hiếu ', '2021-05-09 13:28:28', 'Nguyễn Quang Cường '),
('34e2b4cc-3758-293d-7aa4-4b24de418577', 'Thêm mì chính', 16564.4884, '2021-01-13 04:49:16', 'Nguyễn Tuấn Anh ', '2021-01-18 22:16:39', 'Nguyễn Văn Hiếu '),
('3e39129b-279f-623f-88ea-778aee59fea3', 'Thêm quẩy', 180858.0499, '2020-03-06 10:30:05', 'Nguyễn Đức Bằng ', '2020-03-09 13:57:29', 'Nguyễn Quốc Cường '),
('429ce6a6-62b9-6ad6-8aea-778aee59fea3', 'Không mì chính', 127705.0656, NULL, NULL, NULL, 'Mai Thái Trường '),
('529ef8c0-4625-74c5-7ba4-4b24de418577', 'Cay', 139007.5203, '2020-05-13 10:38:57', 'Hoàng Việt Nhật ', '2020-05-15 10:12:56', 'Nguyễn Văn Sơn '),
('57c4d997-7a97-5cf3-94ef-c9d5c2d91e91', 'Để nguội', 112735.2805, '2021-11-01 15:50:24', 'Nguyễn Quang Minh ', '2021-11-05 02:13:40', 'Hoàng Minh Hiếu '),
('580aecdb-127b-39e1-6741-16298a76bb64', 'Thêm chả', 5834.6015, NULL, NULL, NULL, 'Nông Quốc Minh '),
('5c987ea5-6255-29be-49ee-40eadd5993d6', 'Thêm muối', 66599.3784, '2021-11-27 00:46:15', 'Hoàng Thái Ngọc ', '2021-12-01 19:44:43', 'Trịnh Minh Minh '),
('5d571807-5b04-119e-3807-70859f4ff30d', 'Thêm canh', 149280.2482, '2021-11-01 19:57:36', 'Nguyễn Quốc Thuận ', '2021-11-05 01:35:45', 'Lê Thái Anh '),
('610e08c4-5baf-708b-5f39-bf9bc2f12cf0', 'Thêm tỏi', 180631.0701, '2020-07-07 17:18:10', 'Nguyễn  Thị Quỳnh', NULL, NULL),
('6528b15d-6674-724f-79a4-4b24de418577', 'Thêm rau', 181257.4831, '2020-10-31 08:39:13', 'Phạm Quốc Khánh ', '2020-11-03 15:57:11', 'Trịnh Thái Tuấn '),
('67ac0252-58aa-72c8-4ef6-9777a5de214b', 'Không cay', 138734.3217, '2021-12-14 09:36:00', 'Trân Quang Nhật ', '2021-12-15 05:37:43', 'Nguyễn Thái Nhật ');

-- 
-- Dumping data for table Food
--
INSERT INTO Food VALUES
('11452b0c-768e-5ff7-0d63-eeb1d8ed8cef', '101SE7', 'Felisa221', '697be7ba-1738-6adf-298f-4d82f3a13455', '7b01963d-2bc0-5b15-82c3-d3ede7a72094', '3650c04e-62b1-6908-5598-ae38c5379e4b', 1560748.5585, 276820.5585, '', 0, NULL, '2021-06-03 03:59:00', 'Nguyễn Văn Hoàng ', '2021-06-05 09:02:55', 'Nguyễn  Ngọc Hương'),
('1152da18-24d8-65b6-0380-e8e2a817c80e', 'C7O87L', 'Cornell6', '60e226cb-63fb-4363-fc4d-8601bf3d85d8', '3be7f5cf-7438-6ede-83c3-d3ede7a72094', '13a507d0-342d-6292-6de3-2ceaa9cf3765', 281684.5020, 729212.4224, '', 1, NULL, '2020-01-01 02:45:15', 'Nguyễn Ngọc Hiếu ', '2020-01-02 03:33:45', 'Võ Minh Anh '),
('119af01c-406e-1565-a77d-e8c757976496', 'GZL761', 'Cecil976', '6d81a322-63f0-7270-6d1a-bb545470e80c', '5f620c85-55d9-7632-6a78-553c0310877a', '114b715b-430f-74cd-d5c6-21b180c0988f', 1072134.5171, 210999.8526, '', 1, NULL, '2021-04-17 09:49:23', 'Nguyễn Văn Bằng ', '2021-04-20 02:28:06', 'Trịnh Việt Thành '),
('11f7089b-33e6-371a-f817-7000f455f3d5', '7FI38K', 'Suarez82', '11643064-22fb-7e14-1399-04b3a3d51ef2', '79e2659b-1e78-7dc9-0528-030d4265475f', '13a507d0-342d-6292-6de3-2ceaa9cf3765', 1800946.8491, 670683.2769, '', 0, NULL, '2022-04-16 01:22:00', 'Nguyễn Văn Hiếu ', '2022-04-20 12:44:22', 'Nguyễn Minh Trường '),
('124b4a06-7d39-6835-0980-e8e2a817c80e', '6LVQBT', 'Ula889', '4bfe55ba-57df-274c-1144-cfd00e0a9b3b', '1ce192a3-6b70-712d-fa74-9471face0ab4', '6827e1c0-5b98-6d19-831b-27d9d367aeb0', 206268.1961, 712299.6855, '', 0, NULL, '2022-06-27 20:43:13', 'Đinh Đức Minh ', '2022-07-02 14:39:57', 'Phạm Tuấn Thành '),
('135e72be-6cdf-5311-a47d-e8c757976496', '34H2CO', 'Acker1992', '6d81a322-63f0-7270-6d1a-bb545470e80c', '27366e4a-5248-12e3-e312-ebbbcf065d1c', '1242d680-4f02-3bbb-9d66-a58ab8ff47ca', 1787475.7024, 83811.3881, '', 1, NULL, '2020-01-01 00:01:35', 'Trịnh Tuấn Thái ', '2020-01-03 14:38:21', 'Nguyễn Đức Ngọc '),
('13fc3540-52b5-3489-1163-eeb1d8ed8cef', '3F4W99', 'Carlo2014', '11643064-22fb-7e14-1399-04b3a3d51ef2', '27366e4a-5248-12e3-e312-ebbbcf065d1c', '1f60e54f-196f-45f3-5498-ae38c5379e4b', 108776.4337, 52723.3935, '', 0, NULL, '2022-05-03 05:55:49', 'Võ Minh Thanh ', '2022-05-05 06:38:17', 'Nguyễn Thái Trường '),
('141eea25-7b62-62de-8832-6a1673ffca7c', 'YP879G', 'Casey2021', '60e226cb-63fb-4363-fc4d-8601bf3d85d8', '29d431fd-2d4b-248f-b2ad-cb989f2177da', '1f60e54f-196f-45f3-5498-ae38c5379e4b', 879418.9567, NULL, '', NULL, NULL, '2022-06-30 15:45:43', 'Nguyễn Văn Ngọc ', '2022-06-30 18:43:09', 'Nguyễn Ngọc Khánh '),
('142cb08f-7c31-21fa-8e90-67245e8b283e', '061A26', 'Letha241', '4bfe55ba-57df-274c-1144-cfd00e0a9b3b', '3631011e-4559-4ad8-b0ad-cb989f2177da', '3650c04e-62b1-6908-5598-ae38c5379e4b', 1509441.6673, 772884.6673, '', 0, NULL, '2020-01-01 00:07:13', 'Nguyễn Minh Thuận ', '2020-01-05 18:30:03', 'Trân Văn Thuận '),
('142f0fed-2a8d-534c-1180-e8e2a817c80e', 'C4GJ2E', 'Carlene2021', '5ada22d3-3248-6596-6e1a-bb545470e80c', '1ce192a3-6b70-712d-fa74-9471face0ab4', '3650c04e-62b1-6908-5598-ae38c5379e4b', 686816.7201, 389010.5049, '', 0, NULL, '2022-01-04 20:14:54', 'Mai Thái Cường ', '2022-01-05 02:16:26', 'Hoàng Thái Ngọc '),
('14672f47-7abc-2316-a97d-e8c757976496', '257TW3', 'Francesco2026', '11fbda18-5d9f-396c-1299-04b3a3d51ef2', '2924c34d-68f1-1d0a-c9c7-6c0aeb6ec302', '1949dae3-4d44-217e-9c66-a58ab8ff47ca', 1154781.4094, 879898.5497, '', 1, NULL, '2020-03-27 18:55:54', 'Trân Quốc Thái ', '2020-04-02 15:44:41', 'Nguyễn Minh Thái '),
('14c0ce35-1687-459c-1acb-66948daf6128', '80G3M5', 'Alexander3', '3d1c5555-3e10-56cf-2b8f-4d82f3a13455', '7dcdc0cb-212f-604b-c7f8-494a84b910f4', '6e0dc48e-3eac-6143-9b66-a58ab8ff47ca', 1271800.9192, 735856.5632, '', 1, NULL, '2020-04-07 17:22:14', 'Võ  Minh Vân', '2020-04-12 01:23:12', 'Nguyễn Quốc Cường '),
('156a4794-7a9b-5c3e-2bcb-66948daf6128', '7PM5Z1', 'Rico2023', '4bfe55ba-57df-274c-1144-cfd00e0a9b3b', '19165ed7-212e-21c4-0428-030d4265475f', '3650c04e-62b1-6908-5598-ae38c5379e4b', 1238622.6214, 352919.2247, '', 1, NULL, '2021-11-24 09:53:02', 'Nguyễn Tuấn Hiếu ', '2021-11-29 13:57:53', 'Nguyễn Thái Thái '),
('15fb79ad-271b-30eb-8f32-6a1673ffca7c', '3EY6XR', 'Kyle1991', '3d1c5555-3e10-56cf-2b8f-4d82f3a13455', '3631011e-4559-4ad8-b0ad-cb989f2177da', '1949dae3-4d44-217e-9c66-a58ab8ff47ca', 1437008.1154, 758658.4003, '', 1, NULL, '2020-12-05 12:18:55', 'Trịnh Việt Hương ', '2020-12-10 15:08:28', 'Nguyễn Văn Mạnh '),
('16d64573-7d44-18a4-2acb-66948daf6128', 'TL0N2P', 'Shanice16', '76598eb0-20b1-664e-8665-390639088226', '3631011e-4559-4ad8-b0ad-cb989f2177da', '1242d680-4f02-3bbb-9d66-a58ab8ff47ca', 1617114.6503, 952377.1154, '', 1, NULL, '2020-03-08 08:58:54', 'Trịnh Quốc Cường ', '2020-03-11 11:34:50', 'Nguyễn Quốc Sơn '),
('17120d02-6ab5-3e43-18cb-66948daf6128', '93TROS', 'Kathern49', '4a0e751e-750e-45c3-de78-cf6d4dd5c4a3', '16f20a3e-4e43-1b90-cbc7-6c0aeb6ec302', '47782bc9-1bf1-7c7b-6ee3-2ceaa9cf3765', 468878.8406, 16785.8406, '', 0, NULL, '2021-08-04 00:19:13', 'Võ Đức Tuấn ', '2021-08-05 03:37:07', 'Nguyễn Thái Anh '),
('176a5ef0-6a1f-5178-7292-08c864661f9c', 'AXDSR9', 'Kevin2001', '11643064-22fb-7e14-1399-04b3a3d51ef2', '79e2659b-1e78-7dc9-0528-030d4265475f', '13a507d0-342d-6292-6de3-2ceaa9cf3765', 857645.8227, 537114.0658, '', 0, NULL, '2021-07-09 11:28:15', 'Nguyễn Văn Thuận ', '2021-07-09 12:00:58', 'Nguyễn  Thị Vân'),
('1785d6d7-5898-2235-a17d-e8c757976496', '1WAV4Q', 'Julius553', '5e6695e2-5aad-3241-6c1a-bb545470e80c', '79e2659b-1e78-7dc9-0528-030d4265475f', '1f60e54f-196f-45f3-5498-ae38c5379e4b', 1722753.7093, 591507.8378, '', 1, NULL, '2022-03-25 04:48:31', 'Nguyễn Thái Anh ', '2022-03-31 16:05:06', 'Phạm Minh Trường '),
('179d5bc0-2405-67f7-9590-67245e8b283e', '174IYH', 'Garland194', '76598eb0-20b1-664e-8665-390639088226', '7a0b757e-41eb-4df6-c6f8-494a84b910f4', '6827e1c0-5b98-6d19-831b-27d9d367aeb0', 1294875.2083, 859847.0906, '', 0, NULL, '2020-01-01 00:09:14', 'Nguyễn Văn Tuấn ', '2020-01-01 18:20:59', 'Nguyễn Việt Trường '),
('17bf02de-2b93-2829-29cb-66948daf6128', 'A1109P', 'Porter857', '3d1c5555-3e10-56cf-2b8f-4d82f3a13455', '5f620c85-55d9-7632-6a78-553c0310877a', '4958949d-17c9-454d-841b-27d9d367aeb0', 883985.0714, 646698.6702, '', 0, NULL, '2020-01-01 02:16:51', 'Nguyễn Việt Thái ', '2020-01-01 19:24:08', 'Trịnh Văn Thuận '),
('1b053175-548d-6448-8bdd-867949feb8b5', 'VGTZ48', 'Florencia1980', '76598eb0-20b1-664e-8665-390639088226', '27366e4a-5248-12e3-e312-ebbbcf065d1c', '1242d680-4f02-3bbb-9d66-a58ab8ff47ca', 1701087.8910, 706127.5969, '', 0, NULL, '2020-06-20 23:06:50', 'Hoàng Đức Tuấn ', '2020-06-25 23:01:52', 'Mai Ngọc Cường '),
('1b336f56-7ee3-7ceb-1ccb-66948daf6128', '9ZQ10N', 'Shirly2008', '15b4ab0a-3b8f-6f6f-2a8f-4d82f3a13455', '4cf2dd43-5f4b-71b6-e212-ebbbcf065d1c', '1f60e54f-196f-45f3-5498-ae38c5379e4b', 1796719.5052, 396355.4910, '', 1, NULL, '2022-05-26 21:38:27', 'Bùi Quốc Anh ', '2022-06-02 02:38:24', 'Phạm Minh Tuấn '),
('1bf8a43c-47fb-4d6c-1863-eeb1d8ed8cef', 'Z88W69', 'Lenard1959', '6d81a322-63f0-7270-6d1a-bb545470e80c', '4cf2dd43-5f4b-71b6-e212-ebbbcf065d1c', '1242d680-4f02-3bbb-9d66-a58ab8ff47ca', 194118.4137, 491707.1255, '', 0, NULL, '2020-01-01 00:02:44', 'Nguyễn Minh Thuận ', '2020-01-02 09:44:38', 'Nguyễn Ngọc Hoàng '),
('1c2187a3-6d94-2ded-21cb-66948daf6128', '0K1963', 'Ledoux2028', '3d1c5555-3e10-56cf-2b8f-4d82f3a13455', '5f620c85-55d9-7632-6a78-553c0310877a', '1f60e54f-196f-45f3-5498-ae38c5379e4b', 260312.1515, 624483.2057, '', 1, NULL, '2020-01-01 00:00:10', 'Nguyễn Thái Anh ', '2020-01-07 23:33:49', 'Trịnh Thái Cường '),
('1da031ce-7347-6fc1-ff17-7000f455f3d5', 'D435K2', 'Wendolyn2000', '15b4ab0a-3b8f-6f6f-2a8f-4d82f3a13455', '5f7b48e5-16f9-2f2f-ecdc-845b5dcdad45', '114b715b-430f-74cd-d5c6-21b180c0988f', 161509.9017, 340826.1292, '', NULL, NULL, '2020-01-06 03:47:51', 'Phạm Quốc Tuấn ', '2020-01-10 03:27:50', 'Bùi Thái Thái '),
('1ded3dd7-32db-5bc9-9190-67245e8b283e', '84I3SU', 'Paris2022', '76598eb0-20b1-664e-8665-390639088226', NULL, '6e0dc48e-3eac-6143-9b66-a58ab8ff47ca', 338958.3822, 777579.9980, '', 1, NULL, '2020-01-01 00:01:23', 'Trịnh Minh Nhật ', '2020-01-06 08:20:06', 'Trịnh Quốc Tuấn '),
('1e5a953f-1c88-5769-addb-e5d54223c257', '4MU480', 'Antonietta1973', '697be7ba-1738-6adf-298f-4d82f3a13455', '7b01963d-2bc0-5b15-82c3-d3ede7a72094', '4958949d-17c9-454d-841b-27d9d367aeb0', 1469523.2931, 371426.5086, '', 0, NULL, '2021-08-02 13:14:11', 'Nguyễn Minh Khánh ', '2021-08-07 05:14:24', 'Võ Quang Hương '),
('1eb07f4e-7018-6d54-6b92-08c864661f9c', '6U9A00', 'Alaina7', '4a0e751e-750e-45c3-de78-cf6d4dd5c4a3', '79e2659b-1e78-7dc9-0528-030d4265475f', '6827e1c0-5b98-6d19-831b-27d9d367aeb0', 1738164.8777, NULL, '', NULL, NULL, '2020-06-16 00:12:02', 'Mai Việt Hương ', '2020-06-22 00:33:48', 'Nguyễn Thái Tuấn '),
('1f22399e-14b4-5c2b-8132-6a1673ffca7c', '61S418', 'Muncy1', '697be7ba-1738-6adf-298f-4d82f3a13455', '5f620c85-55d9-7632-6a78-553c0310877a', '6827e1c0-5b98-6d19-831b-27d9d367aeb0', 1693541.3407, 660394.0830, '', NULL, NULL, '2022-03-27 09:33:09', 'Nguyễn Đức Hương ', '2022-03-31 12:39:18', 'Trân Đức Cường '),
('1f8d7e46-1d1e-335f-79dd-867949feb8b5', 'N9P4TD', 'Alberto1984', '11643064-22fb-7e14-1399-04b3a3d51ef2', '3631011e-4559-4ad8-b0ad-cb989f2177da', '47782bc9-1bf1-7c7b-6ee3-2ceaa9cf3765', 1531099.4224, 763444.0209, '', 0, NULL, '2020-10-28 01:20:16', 'Trịnh Việt Minh ', '2020-10-29 09:17:26', 'Nguyễn Thái Mạnh '),
('205a3e0a-13fe-3557-8232-6a1673ffca7c', 'HRGX72', 'Weston1954', '60e226cb-63fb-4363-fc4d-8601bf3d85d8', '27366e4a-5248-12e3-e312-ebbbcf065d1c', '4958949d-17c9-454d-841b-27d9d367aeb0', 1683460.0209, NULL, '', NULL, NULL, '2021-11-15 12:24:55', 'Lê  Thị Hoa', '2021-11-16 02:18:01', 'Nguyễn Văn Thái '),
('207bba19-49aa-63f4-88dd-867949feb8b5', 'I1ZL1U', 'Maybelle2018', '5e6695e2-5aad-3241-6c1a-bb545470e80c', '5626a583-2f8f-4518-e229-16c01537719a', '47782bc9-1bf1-7c7b-6ee3-2ceaa9cf3765', 1986622.3140, 410699.1497, '', 0, NULL, '2020-01-01 00:04:21', 'Nguyễn Tuấn Mạnh ', '2020-01-04 03:08:49', 'Nguyễn Quang Khánh '),
('20d0b9f3-3e65-1639-9d7d-e8c757976496', '4D1Y81', 'Timothy1', '6ed2e962-178c-712c-fd4d-8601bf3d85d8', '16f20a3e-4e43-1b90-cbc7-6c0aeb6ec302', '13a507d0-342d-6292-6de3-2ceaa9cf3765', 1467114.3935, 917175.1200, '', 1, NULL, '2020-01-01 00:55:33', 'Bùi Ngọc Bằng ', '2020-01-01 01:16:48', 'Trịnh Đức Bằng '),
('2152ea1c-3cd9-7d2b-8d32-6a1673ffca7c', 'O0LSY4', 'Olivares1', '33c6f0f4-3591-2c8e-1244-cfd00e0a9b3b', '2d7c5749-57b4-3c7a-eddc-845b5dcdad45', '3650c04e-62b1-6908-5598-ae38c5379e4b', 579580.8324, 986805.2055, '', NULL, NULL, '2020-01-01 00:02:39', 'Nguyễn Văn Ngọc ', '2020-01-03 01:50:48', 'Nông Thái Minh '),
('22032557-51a3-4005-1263-eeb1d8ed8cef', 'KDOYI1', 'Sammons6', '5ada22d3-3248-6596-6e1a-bb545470e80c', '5626a583-2f8f-4518-e229-16c01537719a', '6e0dc48e-3eac-6143-9b66-a58ab8ff47ca', 73726.8278, 480677.8349, '', 0, NULL, '2021-06-05 09:02:52', 'Trân Thái Ngọc ', '2021-06-09 08:56:57', 'Nguyễn Đức Tuấn '),
('22f831e3-5d4e-3508-1480-e8e2a817c80e', '65U2DT', 'Pierre1980', '6ed2e962-178c-712c-fd4d-8601bf3d85d8', '16f20a3e-4e43-1b90-cbc7-6c0aeb6ec302', '4958949d-17c9-454d-841b-27d9d367aeb0', 369224.0817, 489019.0714, '', 1, NULL, '2021-05-20 23:05:29', 'Bùi Quốc Hương ', '2021-05-26 22:17:33', 'Nguyễn Ngọc Hiếu '),
('24629593-3d34-32fd-997d-e8c757976496', '8CCIVM', 'Paris24', '4a0e751e-750e-45c3-de78-cf6d4dd5c4a3', '7dcdc0cb-212f-604b-c7f8-494a84b910f4', '13a507d0-342d-6292-6de3-2ceaa9cf3765', 1689369.5632, 981345.5106, '', 0, NULL, '2020-01-01 00:01:38', 'Nông Tuấn Trường ', '2020-01-02 20:28:51', 'Trịnh Minh Ngọc '),
('247986de-4165-651a-9490-67245e8b283e', 'BYI012', 'Rivka533', '6ed2e962-178c-712c-fd4d-8601bf3d85d8', '5626a583-2f8f-4518-e229-16c01537719a', '1f60e54f-196f-45f3-5498-ae38c5379e4b', 855487.0906, 442082.0517, '', 0, NULL, '2020-06-03 10:15:07', 'Nguyễn Thái Thuận ', '2020-06-09 07:15:50', 'Nguyễn Minh Hương '),
('2508b8b3-3851-6ae9-86dd-867949feb8b5', '8FI2J0', 'Larson268', '4bfe55ba-57df-274c-1144-cfd00e0a9b3b', '16f20a3e-4e43-1b90-cbc7-6c0aeb6ec302', '3650c04e-62b1-6908-5598-ae38c5379e4b', 930516.7074, 946287.9017, '', 0, NULL, '2020-01-01 01:53:40', 'Nguyễn Quang Mạnh ', '2020-01-03 14:37:07', 'Võ Văn Tuấn '),
('257ea484-501b-1644-7cdd-867949feb8b5', '03GKE4', 'Souza2019', '33c6f0f4-3591-2c8e-1244-cfd00e0a9b3b', '16f20a3e-4e43-1b90-cbc7-6c0aeb6ec302', '3650c04e-62b1-6908-5598-ae38c5379e4b', 708741.1519, 423583.9232, '', 1, NULL, '2020-10-25 04:50:02', 'Hoàng Văn Cường ', '2020-10-31 06:08:36', 'Nguyễn Văn Thành '),
('258eee01-5e19-7ac4-2ccb-66948daf6128', '7J1DC9', 'Betancourt584', '3d1c5555-3e10-56cf-2b8f-4d82f3a13455', '2924c34d-68f1-1d0a-c9c7-6c0aeb6ec302', '114b715b-430f-74cd-d5c6-21b180c0988f', 1729975.2730, 377067.6508, '', 1, NULL, '2020-01-01 00:01:32', 'Nguyễn Quốc Nhật ', '2020-01-03 23:26:31', 'Bùi Quốc Cường '),
('25efaa0a-2220-4655-20cb-66948daf6128', '9ER0Y8', 'Pike1980', '4a0e751e-750e-45c3-de78-cf6d4dd5c4a3', '5626a583-2f8f-4518-e229-16c01537719a', '114b715b-430f-74cd-d5c6-21b180c0988f', 1078202.8378, 484939.8282, '', 0, NULL, '2020-11-11 16:17:07', 'Đinh Đức Mạnh ', '2020-11-16 17:23:42', 'Trịnh Quang Thái '),
('276e9765-4c6a-4239-0b80-e8e2a817c80e', 'JB803P', 'Kelvin2015', '4a0e751e-750e-45c3-de78-cf6d4dd5c4a3', '19165ed7-212e-21c4-0428-030d4265475f', '1f60e54f-196f-45f3-5498-ae38c5379e4b', 1835446.2025, 851787.5930, '', 0, NULL, '2020-06-12 23:04:11', 'Phạm Thái Thành ', '2020-06-15 16:37:40', 'Nguyễn Văn Thành '),
('27a76ea6-6309-6d6a-0218-7000f455f3d5', '55793A', 'Merry21', '11fbda18-5d9f-396c-1299-04b3a3d51ef2', '1731fa87-79fd-4cc1-6978-553c0310877a', '1f60e54f-196f-45f3-5498-ae38c5379e4b', 1005324.2247, 529780.9136, '', 0, NULL, '2021-02-15 03:02:13', 'Phạm Quốc Ngọc ', '2021-02-20 06:52:47', 'Nguyễn Thái Thuận '),
('27e293c1-483b-5599-a090-67245e8b283e', 'QC9O58', 'Allan2004', '76598eb0-20b1-664e-8665-390639088226', '5f620c85-55d9-7632-6a78-553c0310877a', '3650c04e-62b1-6908-5598-ae38c5379e4b', 401390.6301, 124715.4186, '', 0, NULL, '2020-01-01 00:00:55', 'Nguyễn Văn Trường ', '2020-01-03 19:15:17', 'Nguyễn Thái Bằng '),
('284ccb05-337b-7e6f-9090-67245e8b283e', 'HH970G', 'Carvalho72', '5e6695e2-5aad-3241-6c1a-bb545470e80c', '3631011e-4559-4ad8-b0ad-cb989f2177da', '47782bc9-1bf1-7c7b-6ee3-2ceaa9cf3765', 1260863.5216, 289506.8130, '', 0, NULL, '2020-01-01 00:15:42', 'Nguyễn Văn Trường ', '2020-01-03 16:07:16', 'Trịnh Thái Sơn '),
('28e5fd74-7c2e-6105-26cb-66948daf6128', '97JMK1', 'Ward2007', '33c6f0f4-3591-2c8e-1244-cfd00e0a9b3b', '19165ed7-212e-21c4-0428-030d4265475f', '114b715b-430f-74cd-d5c6-21b180c0988f', 1839671.5902, 793067.8433, '', 1, NULL, '2020-03-16 02:07:49', 'Nguyễn  Thị Diễm', '2020-03-21 03:47:52', 'Trịnh  Mai Quỳnh'),
('2a2516e8-7ca5-62b3-9132-6a1673ffca7c', 'F15285', 'Adam1996', '3d1c5555-3e10-56cf-2b8f-4d82f3a13455', '4cf2dd43-5f4b-71b6-e212-ebbbcf065d1c', '3650c04e-62b1-6908-5598-ae38c5379e4b', 763875.5537, 350529.4137, '', 1, NULL, '2020-11-14 04:35:26', 'Đinh Quang Ngọc ', '2020-11-18 15:57:55', 'Nguyễn Tuấn Anh '),
('2b850d3d-6722-3f01-1bcb-66948daf6128', 'FA59P7', 'Brigida1989', '6207a9a7-3bf9-7288-8565-390639088226', '16f20a3e-4e43-1b90-cbc7-6c0aeb6ec302', '114b715b-430f-74cd-d5c6-21b180c0988f', 838641.0517, 886305.4313, '', NULL, NULL, '2022-08-04 11:38:37', 'Đinh Tuấn Nhật ', '2022-08-05 02:28:34', 'Nguyễn Thái Cường '),
('2bbbd485-6df2-536a-7e32-6a1673ffca7c', '071V37', 'Aisha2010', '6ed2e962-178c-712c-fd4d-8601bf3d85d8', '3631011e-4559-4ad8-b0ad-cb989f2177da', '114b715b-430f-74cd-d5c6-21b180c0988f', 1987962.5410, 850557.0614, '', 1, NULL, '2022-07-29 04:38:04', 'Lê Thái Hoàng ', '2022-07-29 17:36:32', 'Nguyễn Văn Thanh '),
('2bf413d3-7a2c-217a-78dd-867949feb8b5', '0R7GSR', 'Andre58', '3d1c5555-3e10-56cf-2b8f-4d82f3a13455', '1ce192a3-6b70-712d-fa74-9471face0ab4', '1949dae3-4d44-217e-9c66-a58ab8ff47ca', 140623.6190, 470422.9192, '', NULL, NULL, '2020-08-05 12:21:01', 'Nguyễn  Diễm Giang', '2020-08-10 23:30:16', 'Nguyễn Việt Minh '),
('2c4d181d-6dbb-4b03-87dd-867949feb8b5', 'WC28R1', 'Sharkey69', '6d81a322-63f0-7270-6d1a-bb545470e80c', '471530a2-44fe-7395-b1ad-cb989f2177da', '6e0dc48e-3eac-6143-9b66-a58ab8ff47ca', 261837.8502, 863316.2074, '', 0, NULL, '2022-01-29 02:34:56', 'Nguyễn Tuấn Nhật ', '2022-02-02 04:55:45', 'Nguyễn Thái Trường '),
('2c7af5cb-448b-1c53-a57d-e8c757976496', 'YY0L6C', 'Vicenta2014', '11fbda18-5d9f-396c-1299-04b3a3d51ef2', '3be7f5cf-7438-6ede-83c3-d3ede7a72094', '114b715b-430f-74cd-d5c6-21b180c0988f', 1014679.1570, 504111.2503, '', 0, NULL, '2020-07-20 18:18:53', 'Nông Quang Cường ', '2020-07-21 22:33:22', 'Nguyễn Tuấn Hương '),
('2d19b0e8-2a06-52dc-a190-67245e8b283e', '16B6RL', 'Elmer578', '11fbda18-5d9f-396c-1299-04b3a3d51ef2', '1ce192a3-6b70-712d-fa74-9471face0ab4', '13a507d0-342d-6292-6de3-2ceaa9cf3765', 1913918.4284, 282634.5577, '', NULL, NULL, '2020-01-01 00:01:29', 'Nguyễn Quốc Ngọc ', '2020-01-01 02:03:40', 'Bùi Minh Mạnh '),
('2d558039-6f60-6d55-fd17-7000f455f3d5', '11Z24P', 'Christoper1958', '11fbda18-5d9f-396c-1299-04b3a3d51ef2', '19165ed7-212e-21c4-0428-030d4265475f', '4958949d-17c9-454d-841b-27d9d367aeb0', 1160596.4068, 203741.8573, '', 1, NULL, '2021-12-21 19:31:03', 'Nguyễn Thái Mạnh ', '2021-12-23 05:33:47', 'Lê Minh Sơn '),
('2dcedb9c-6c32-7d27-977d-e8c757976496', 'N7B6EY', 'Booker6', '15b4ab0a-3b8f-6f6f-2a8f-4d82f3a13455', '27366e4a-5248-12e3-e312-ebbbcf065d1c', '1949dae3-4d44-217e-9c66-a58ab8ff47ca', 1177697.8130, 221575.7998, '', 0, NULL, '2021-08-02 13:29:09', 'Nông Quốc Tuấn ', '2021-08-07 11:43:55', 'Nguyễn Ngọc Ngọc '),
('2de001fe-529b-33ad-0280-e8e2a817c80e', '142QOY', 'Verona3', '4bfe55ba-57df-274c-1144-cfd00e0a9b3b', '471530a2-44fe-7395-b1ad-cb989f2177da', '47782bc9-1bf1-7c7b-6ee3-2ceaa9cf3765', 1608648.4092, 491804.6190, '', 0, NULL, '2020-05-01 02:42:26', 'Nguyễn Quang Trường ', '2020-05-08 00:47:28', 'Lê Quang Minh '),
('2fb0b105-7808-503a-76dd-867949feb8b5', 'M1DV1O', 'Abernathy6', '11643064-22fb-7e14-1399-04b3a3d51ef2', '16f20a3e-4e43-1b90-cbc7-6c0aeb6ec302', '1f60e54f-196f-45f3-5498-ae38c5379e4b', 1957134.6987, NULL, '', NULL, NULL, '2021-06-11 19:35:25', 'Trịnh Minh Mạnh ', '2021-06-16 09:47:12', 'Trịnh Ngọc Tuấn '),
('2fc95768-5570-6429-28cb-66948daf6128', 'Q0T680', 'Jobe2024', '5e6695e2-5aad-3241-6c1a-bb545470e80c', '7a0b757e-41eb-4df6-c6f8-494a84b910f4', '3650c04e-62b1-6908-5598-ae38c5379e4b', 1843659.5969, NULL, '', NULL, NULL, '2020-12-13 03:37:34', 'Nguyễn Đức Bằng ', '2020-12-17 17:10:41', 'Hoàng  Diễm Loan'),
('2ff059da-69a9-17a4-fc17-7000f455f3d5', '0I4T4X', 'Sturgeon7', '4bfe55ba-57df-274c-1144-cfd00e0a9b3b', '5f7b48e5-16f9-2f2f-ecdc-845b5dcdad45', '6e0dc48e-3eac-6143-9b66-a58ab8ff47ca', 1009734.9958, 685771.1306, '', 0, NULL, '2021-12-10 12:34:18', 'Hoàng Việt Nhật ', '2021-12-14 15:56:19', 'Trịnh  Thị Hân'),
('30c8ee28-58a3-22f2-5e92-08c864661f9c', '0EFKJ9', 'Jestine2015', '11fbda18-5d9f-396c-1299-04b3a3d51ef2', '79e2659b-1e78-7dc9-0528-030d4265475f', '114b715b-430f-74cd-d5c6-21b180c0988f', 1915934.2848, NULL, '', NULL, NULL, '2022-03-27 11:13:28', 'Nguyễn Minh Mạnh ', '2022-03-30 13:11:44', 'Trịnh Quốc Thanh '),
('31584a21-584a-7428-0d80-e8e2a817c80e', 'YLS285', 'Alisia1951', '697be7ba-1738-6adf-298f-4d82f3a13455', '2924c34d-68f1-1d0a-c9c7-6c0aeb6ec302', '1f60e54f-196f-45f3-5498-ae38c5379e4b', 392588.8526, 620598.5490, '', 0, NULL, '2020-01-01 00:01:31', 'Trân Ngọc Hiếu ', '2020-01-02 14:49:52', 'Nguyễn Quang Bằng '),
('336f81b7-417d-7e3a-1363-eeb1d8ed8cef', 'ITZ499', 'Dover697', '15b4ab0a-3b8f-6f6f-2a8f-4d82f3a13455', '2d7c5749-57b4-3c7a-eddc-845b5dcdad45', '3650c04e-62b1-6908-5598-ae38c5379e4b', 694282.5930, 455434.1515, '', 1, NULL, '2022-04-01 04:22:09', 'Nguyễn Ngọc Thuận ', '2022-04-08 02:37:27', 'Nguyễn Đức Thái '),
('33851c36-6445-4680-23cb-66948daf6128', '43617I', 'Thomasena261', '76598eb0-20b1-664e-8665-390639088226', '7a0b757e-41eb-4df6-c6f8-494a84b910f4', '114b715b-430f-74cd-d5c6-21b180c0988f', 1243691.7026, 50044.9196, '', NULL, NULL, '2020-03-18 09:21:18', 'Đinh Thái Mạnh ', '2020-03-21 15:19:04', 'Trịnh  Mai Hương'),
('34cde64f-62e4-186c-77dd-867949feb8b5', 'QUAE65', 'Seymour1989', '76598eb0-20b1-664e-8665-390639088226', '7b01963d-2bc0-5b15-82c3-d3ede7a72094', '6827e1c0-5b98-6d19-831b-27d9d367aeb0', 1695053.8564, 564371.3407, '', NULL, NULL, '2020-01-01 01:00:18', 'Mai Việt Anh ', '2020-01-05 18:23:14', 'Nguyễn Ngọc Thuận '),
('3590dd80-43d2-1325-8732-6a1673ffca7c', '3A5O2A', 'Bella1975', '4bfe55ba-57df-274c-1144-cfd00e0a9b3b', '1731fa87-79fd-4cc1-6978-553c0310877a', '6e0dc48e-3eac-6143-9b66-a58ab8ff47ca', 582960.4882, 90575.8278, '', 1, NULL, '2021-12-20 23:54:39', 'Nguyễn Tuấn Trường ', '2021-12-27 05:35:24', 'Nguyễn Đức Minh '),
('3599ef50-13ed-5404-0e63-eeb1d8ed8cef', '7UH476', 'Lindsey295', '4bfe55ba-57df-274c-1144-cfd00e0a9b3b', '3631011e-4559-4ad8-b0ad-cb989f2177da', '4958949d-17c9-454d-841b-27d9d367aeb0', 586668.5106, 274429.0603, '', 1, NULL, '2020-01-01 00:01:28', 'Võ Tuấn Trường ', '2020-01-01 00:56:04', 'Nguyễn Thái Cường '),
('3721d21d-5c1d-1e10-1563-eeb1d8ed8cef', 'FD4H1K', 'Wilda2025', '11643064-22fb-7e14-1399-04b3a3d51ef2', '185f84ed-4563-51a0-cac7-6c0aeb6ec302', '114b715b-430f-74cd-d5c6-21b180c0988f', 667264.8433, 220275.8025, '', 1, NULL, '2020-01-01 01:33:03', 'Nguyễn Quang Thái ', '2020-01-05 20:34:23', 'Nguyễn Văn Thái '),
('37cf0ec7-4909-5dc9-a37d-e8c757976496', '5HZUJQ', 'Valrie94', '11fbda18-5d9f-396c-1299-04b3a3d51ef2', '19165ed7-212e-21c4-0428-030d4265475f', '114b715b-430f-74cd-d5c6-21b180c0988f', 551747.2503, 355473.2546, '', 0, NULL, '2020-01-01 00:09:53', 'Nguyễn Quang Mạnh ', '2020-01-02 19:21:29', 'Võ Minh Ngọc '),
('380799e8-2bfa-4f0f-8e32-6a1673ffca7c', '8L1W3K', 'Janie1968', '11fbda18-5d9f-396c-1299-04b3a3d51ef2', '19165ed7-212e-21c4-0428-030d4265475f', '6827e1c0-5b98-6d19-831b-27d9d367aeb0', 430579.2736, NULL, '', NULL, NULL, '2021-11-11 18:03:31', 'Võ Ngọc Hiếu ', '2021-11-13 23:03:04', 'Bùi  Thị Hương'),
('3856e8f7-535c-632a-83dd-867949feb8b5', '1K2U1S', 'Adelina1996', '4a0e751e-750e-45c3-de78-cf6d4dd5c4a3', '19165ed7-212e-21c4-0428-030d4265475f', '4958949d-17c9-454d-841b-27d9d367aeb0', 125636.6373, 948938.5442, '', 1, NULL, '2020-09-10 05:05:29', 'Lê Minh Cường ', '2020-09-13 20:34:47', 'Bùi Minh Minh '),
('38b1d642-47b7-7c97-6692-08c864661f9c', 'G20V2D', 'Valrie914', '33c6f0f4-3591-2c8e-1244-cfd00e0a9b3b', '5f620c85-55d9-7632-6a78-553c0310877a', '3650c04e-62b1-6908-5598-ae38c5379e4b', 1263112.5334, 97233.7125, '', 0, NULL, '2022-03-29 06:31:36', 'Nguyễn Minh Minh ', '2022-04-02 01:32:18', 'Phạm Quang Ngọc '),
('392fb6ca-399e-2320-7192-08c864661f9c', '7T8K4S', 'Colon4', '15b4ab0a-3b8f-6f6f-2a8f-4d82f3a13455', '2924c34d-68f1-1d0a-c9c7-6c0aeb6ec302', '1949dae3-4d44-217e-9c66-a58ab8ff47ca', 84639.3141, NULL, '', 0, NULL, '2022-02-11 02:27:27', 'Trịnh Quang Mạnh ', '2022-02-11 09:19:52', 'Trân Văn Bằng '),
('3965bd1a-2544-467d-80dd-867949feb8b5', 'KN6KE5', 'Giordano947', '33c6f0f4-3591-2c8e-1244-cfd00e0a9b3b', '2d7c5749-57b4-3c7a-eddc-845b5dcdad45', '6e0dc48e-3eac-6143-9b66-a58ab8ff47ca', 26052.4034, 280896.3109, '', 0, NULL, '2020-01-01 00:11:09', 'Nguyễn Tuấn Trường ', '2020-01-01 04:46:37', 'Võ Thái Hoàng '),
('3ab17eb8-4928-4275-8332-6a1673ffca7c', '5IS0LH', 'Collette2007', '15b4ab0a-3b8f-6f6f-2a8f-4d82f3a13455', '5f620c85-55d9-7632-6a78-553c0310877a', '6827e1c0-5b98-6d19-831b-27d9d367aeb0', 877851.0836, 22239.2931, '', 1, NULL, '2020-03-29 17:39:39', 'Nguyễn Thái Khánh ', '2020-03-31 02:58:25', 'Nguyễn Minh Minh '),
('3abc4ce5-462f-5db9-9e7d-e8c757976496', 'K299D9', 'Cowles2014', '3d1c5555-3e10-56cf-2b8f-4d82f3a13455', '29d431fd-2d4b-248f-b2ad-cb989f2177da', '1242d680-4f02-3bbb-9d66-a58ab8ff47ca', 334769.4898, 124834.0383, '', 1, NULL, '2020-01-01 00:01:15', 'Nguyễn  Ngọc Giang', '2020-01-03 02:27:56', 'Nguyễn Thái Trường '),
('3b4d46a3-7a40-30a2-fe17-7000f455f3d5', '79L2NH', 'James542', '6d81a322-63f0-7270-6d1a-bb545470e80c', '5626a583-2f8f-4518-e229-16c01537719a', '1949dae3-4d44-217e-9c66-a58ab8ff47ca', 196029.8589, 501583.6977, '', 0, NULL, '2020-01-01 00:14:32', 'Nguyễn Quang Mạnh ', '2020-01-06 22:18:55', 'Trân Minh Ngọc '),
('3b58cf74-16ac-69f6-aa7d-e8c757976496', 'Q40Y41', 'Delta247', '6d81a322-63f0-7270-6d1a-bb545470e80c', '27366e4a-5248-12e3-e312-ebbbcf065d1c', '6e0dc48e-3eac-6143-9b66-a58ab8ff47ca', 998621.4785, 22986.4284, '', 0, NULL, '2022-01-15 18:44:26', 'Lê  Quỳnh Ngọc', '2022-01-18 05:08:45', 'Phạm Đức Ngọc '),
('3c19bf05-3077-4b76-27cb-66948daf6128', '66E6P6', 'Shirleen621', '4a0e751e-750e-45c3-de78-cf6d4dd5c4a3', '16f20a3e-4e43-1b90-cbc7-6c0aeb6ec302', '114b715b-430f-74cd-d5c6-21b180c0988f', 449803.6319, 617107.7638, '', 1, NULL, '2020-01-01 00:12:00', 'Nguyễn Tuấn Hoàng ', '2020-01-02 15:40:53', 'Nguyễn Thái Thái '),
('3ce59559-28e3-40e4-1463-eeb1d8ed8cef', 'G745P2', 'Angel681', '4bfe55ba-57df-274c-1144-cfd00e0a9b3b', '5626a583-2f8f-4518-e229-16c01537719a', '6e0dc48e-3eac-6143-9b66-a58ab8ff47ca', 627070.8025, 430502.1159, '', 0, NULL, '2020-05-28 04:05:18', 'Hoàng Việt Cường ', '2020-06-03 17:06:15', 'Đinh Văn Thái '),
('3d780ac8-3fb5-5c89-8932-6a1673ffca7c', 'I0WG40', 'Johnny2028', '697be7ba-1738-6adf-298f-4d82f3a13455', '2924c34d-68f1-1d0a-c9c7-6c0aeb6ec302', '6e0dc48e-3eac-6143-9b66-a58ab8ff47ca', 524991.5442, NULL, '', NULL, NULL, '2020-01-01 00:08:43', 'Nguyễn  Thị Ly', '2020-01-03 04:46:30', 'Nguyễn Minh Minh '),
('3ef08d53-5bf3-1e97-9790-67245e8b283e', 'FI9D0D', 'Karlene615', '697be7ba-1738-6adf-298f-4d82f3a13455', '1731fa87-79fd-4cc1-6978-553c0310877a', '6e0dc48e-3eac-6143-9b66-a58ab8ff47ca', 116725.0383, 240120.7077, '', 1, NULL, '2020-01-01 00:00:36', 'Nguyễn Thái Trường ', '2020-01-05 10:09:58', 'Võ Văn Thành '),
('3f66f2d6-688b-4161-5f92-08c864661f9c', '4SXN5Q', 'Lorretta2028', '5e6695e2-5aad-3241-6c1a-bb545470e80c', '471530a2-44fe-7395-b1ad-cb989f2177da', '3650c04e-62b1-6908-5598-ae38c5379e4b', 806807.2930, 590061.2848, '', 0, NULL, '2021-07-12 05:13:09', 'Nông Minh Trường ', '2021-07-14 00:14:08', 'Nguyễn Quang Trường '),
('3f851737-2976-4bc0-22cb-66948daf6128', 'DGO16Z', 'Trish522', '60e226cb-63fb-4363-fc4d-8601bf3d85d8', '5f7b48e5-16f9-2f2f-ecdc-845b5dcdad45', '6827e1c0-5b98-6d19-831b-27d9d367aeb0', 1348540.1159, 96927.8645, '', NULL, NULL, '2022-05-21 16:07:25', 'Trân Thái Nhật ', '2022-05-26 12:49:51', 'Nguyễn Quang Minh '),
('3fcda397-772d-53a4-25cb-66948daf6128', 'S0V9OM', 'Boggs796', '6d81a322-63f0-7270-6d1a-bb545470e80c', '471530a2-44fe-7395-b1ad-cb989f2177da', '1949dae3-4d44-217e-9c66-a58ab8ff47ca', 1942354.4038, 265573.4865, '', 1, NULL, '2021-04-18 07:16:50', 'Nguyễn Thái Minh ', '2021-04-20 08:01:22', 'Nguyễn Việt Thành '),
('40036f5e-657f-2c3d-9f7d-e8c757976496', '7PS811', 'Carey1995', '11643064-22fb-7e14-1399-04b3a3d51ef2', '7dcdc0cb-212f-604b-c7f8-494a84b910f4', '4958949d-17c9-454d-841b-27d9d367aeb0', 923752.8282, NULL, '', NULL, NULL, '2021-10-05 03:28:44', 'Nguyễn Thái Cường ', '2021-10-06 04:07:36', 'Nguyễn Đức Khánh '),
('404fe340-1fd3-414b-aadb-e5d54223c257', '0384SI', 'Jerrod1982', '11643064-22fb-7e14-1399-04b3a3d51ef2', '79e2659b-1e78-7dc9-0528-030d4265475f', '47782bc9-1bf1-7c7b-6ee3-2ceaa9cf3765', 1319956.2769, 205701.3822, '', 0, NULL, '2021-01-29 18:16:27', 'Nguyễn Thái Thành ', '2021-02-02 05:56:07', 'Phạm Minh Mạnh '),
('4103f42d-1ebd-52dd-0f80-e8e2a817c80e', 'Q4I49Y', 'Roselyn2026', '5e6695e2-5aad-3241-6c1a-bb545470e80c', '7a0b757e-41eb-4df6-c6f8-494a84b910f4', '1242d680-4f02-3bbb-9d66-a58ab8ff47ca', 1613706.4928, 437694.8502, '', 1, NULL, '2020-11-06 17:24:39', 'Hoàng Tuấn Minh ', '2020-11-09 23:28:44', 'Võ Ngọc Bằng '),
('4188bc78-6e7e-2c0a-7fdd-867949feb8b5', '09KVX7', 'Schilling1972', '11643064-22fb-7e14-1399-04b3a3d51ef2', '2924c34d-68f1-1d0a-c9c7-6c0aeb6ec302', '3650c04e-62b1-6908-5598-ae38c5379e4b', 573651.9799, 463927.0173, '', 0, NULL, '2020-01-01 00:00:51', 'Lê Việt Anh ', '2020-01-06 21:59:21', 'Nguyễn Quang Thái '),
('4213347c-7d41-76e6-9d90-67245e8b283e', 'IC69PR', 'Elmo1954', '11fbda18-5d9f-396c-1299-04b3a3d51ef2', '3be7f5cf-7438-6ede-83c3-d3ede7a72094', '6e0dc48e-3eac-6143-9b66-a58ab8ff47ca', 990441.4865, 942843.5215, '', NULL, NULL, '2020-01-01 00:00:01', 'Nguyễn Quang Mạnh ', '2020-01-01 13:31:15', 'Phạm Thái Minh '),
('4296b118-76aa-3241-7edd-867949feb8b5', '3B1F5H', 'Avelina876', '11fbda18-5d9f-396c-1299-04b3a3d51ef2', '7b01963d-2bc0-5b15-82c3-d3ede7a72094', '13a507d0-342d-6292-6de3-2ceaa9cf3765', 1688627.9679, 53456.5921, '', NULL, NULL, '2022-08-02 21:53:49', 'Nguyễn Quang Minh ', '2022-08-04 16:30:52', 'Trịnh Tuấn Mạnh '),
('438fec4c-2dad-30d7-a07d-e8c757976496', '55D5C5', 'Olin569', '11643064-22fb-7e14-1399-04b3a3d51ef2', '16f20a3e-4e43-1b90-cbc7-6c0aeb6ec302', '47782bc9-1bf1-7c7b-6ee3-2ceaa9cf3765', 1019089.6193, 532103.4508, '', 0, NULL, '2020-01-01 00:13:12', 'Phạm Ngọc Ngọc ', '2020-01-01 15:59:27', 'Trân Văn Cường '),
('439cdac8-4380-1e2d-0f63-eeb1d8ed8cef', '195KVQ', 'Marinda1990', '6207a9a7-3bf9-7288-8565-390639088226', '1731fa87-79fd-4cc1-6978-553c0310877a', '6827e1c0-5b98-6d19-831b-27d9d367aeb0', 1643679.4910, NULL, '', NULL, NULL, '2020-01-01 00:04:31', 'Lê  Thị Ngọc', '2020-01-07 14:39:18', 'Đinh Minh Sơn '),
('4448a185-202a-56da-8632-6a1673ffca7c', 'A3QCPV', 'Marjory2004', '697be7ba-1738-6adf-298f-4d82f3a13455', '3be7f5cf-7438-6ede-83c3-d3ede7a72094', '6827e1c0-5b98-6d19-831b-27d9d367aeb0', 348515.4508, 273380.0418, '', 1, NULL, '2021-11-24 00:26:09', 'Nguyễn Ngọc Cường ', '2021-11-30 10:16:11', 'Nguyễn Văn Khánh '),
('45536100-7fba-5a99-24cb-66948daf6128', 'F1A670', 'Tuggle533', '6207a9a7-3bf9-7288-8565-390639088226', '27366e4a-5248-12e3-e312-ebbbcf065d1c', '6827e1c0-5b98-6d19-831b-27d9d367aeb0', 91238.3881, 492924.4952, '', 1, NULL, '2021-09-12 04:52:27', 'Hoàng Minh Hoàng ', '2021-09-17 21:46:11', 'Nguyễn Tuấn Cường '),
('4577565a-7e3e-493a-74dd-867949feb8b5', '8S581M', 'Arnita2004', '5e6695e2-5aad-3241-6c1a-bb545470e80c', '1731fa87-79fd-4cc1-6978-553c0310877a', '6e0dc48e-3eac-6143-9b66-a58ab8ff47ca', 576296.8497, 617944.8497, '', 1, NULL, '2020-01-06 14:49:16', 'Nguyễn  Thị Vân', '2020-01-06 21:43:02', 'Võ Ngọc Tuấn '),
('469b3ece-744a-45d5-957d-e8c757976496', '4W2K30', 'Mollie1975', '4bfe55ba-57df-274c-1144-cfd00e0a9b3b', '5f620c85-55d9-7632-6a78-553c0310877a', NULL, 150469.8249, 662248.8249, '', 0, NULL, '2021-10-07 07:18:32', 'Nguyễn Quốc Thành ', '2021-10-10 08:56:44', 'Võ  Thị Giang'),
('46f514e3-3598-177c-6192-08c864661f9c', 'UU2V9R', 'Ernesto599', '6207a9a7-3bf9-7288-8565-390639088226', '4cf2dd43-5f4b-71b6-e212-ebbbcf065d1c', '1242d680-4f02-3bbb-9d66-a58ab8ff47ca', 269929.5086, 594002.1798, '', 0, NULL, '2020-09-07 15:36:03', 'Trân  Thị Quỳnh', '2020-09-12 21:08:34', 'Lê Thái Hương '),
('4729a19e-5a81-6e74-6a92-08c864661f9c', 'WV43YP', 'Brendon2023', '5e6695e2-5aad-3241-6c1a-bb545470e80c', '4cf2dd43-5f4b-71b6-e212-ebbbcf065d1c', '47782bc9-1bf1-7c7b-6ee3-2ceaa9cf3765', 334531.3464, 224593.7093, '', NULL, NULL, '2021-09-06 11:11:52', 'Nguyễn Tuấn Thanh ', '2021-09-11 19:11:15', 'Nguyễn Văn Anh '),
('47405a55-5845-562c-7ddd-867949feb8b5', 'BO0179', 'Gooden1996', '4bfe55ba-57df-274c-1144-cfd00e0a9b3b', '3631011e-4559-4ad8-b0ad-cb989f2177da', '4958949d-17c9-454d-841b-27d9d367aeb0', 706435.2057, 679161.4898, '', NULL, NULL, '2020-02-16 06:32:56', 'Nguyễn Đức Thanh ', '2020-02-21 15:39:36', 'Nông Đức Cường '),
('4760d71f-6e2f-5b32-19cb-66948daf6128', '9U8S6X', 'Christopher1976', '33c6f0f4-3591-2c8e-1244-cfd00e0a9b3b', '7dcdc0cb-212f-604b-c7f8-494a84b910f4', '47782bc9-1bf1-7c7b-6ee3-2ceaa9cf3765', 57540.1297, 982872.5410, '', 0, NULL, '2021-03-29 13:02:23', 'Nguyễn  Thị Hường', '2021-04-04 15:07:54', 'Trịnh Thái Tuấn '),
('47f60f67-6087-2a86-abdb-e5d54223c257', '5QO3VE', 'Carlson9', '15b4ab0a-3b8f-6f6f-2a8f-4d82f3a13455', '79e2659b-1e78-7dc9-0528-030d4265475f', '1242d680-4f02-3bbb-9d66-a58ab8ff47ca', 726035.0090, 973519.8564, '', 0, NULL, '2020-07-28 23:41:22', 'Trịnh Việt Ngọc ', '2020-07-30 08:10:11', 'Phạm Minh Anh '),
('48adb0bd-7040-1241-6e92-08c864661f9c', '58JU58', 'Myron3', '33c6f0f4-3591-2c8e-1244-cfd00e0a9b3b', '471530a2-44fe-7395-b1ad-cb989f2177da', '6e0dc48e-3eac-6143-9b66-a58ab8ff47ca', 955653.9136, 641316.5882, '', 1, NULL, '2021-08-21 21:54:47', 'Nguyễn Thái Thuận ', '2021-08-28 10:12:40', 'Đinh Văn Minh '),
('48c40821-1c72-189a-6792-08c864661f9c', 'LJ57M0', 'Kathrine1986', '5e6695e2-5aad-3241-6c1a-bb545470e80c', '16f20a3e-4e43-1b90-cbc7-6c0aeb6ec302', '1242d680-4f02-3bbb-9d66-a58ab8ff47ca', 561255.0151, 403400.4882, '', 0, NULL, '2020-04-06 22:26:23', 'Nguyễn Đức Thái ', '2020-04-08 07:57:25', 'Lê Tuấn Hương '),
('4943c139-6a49-4d6e-1663-eeb1d8ed8cef', 'D0I4TW', 'Townes2013', '76598eb0-20b1-664e-8665-390639088226', '5f7b48e5-16f9-2f2f-ecdc-845b5dcdad45', '1242d680-4f02-3bbb-9d66-a58ab8ff47ca', 903447.4186, 46121.7024, '', 0, NULL, '2020-01-01 00:00:26', 'Nguyễn Thái Ngọc ', '2020-01-07 05:31:48', 'Hoàng Quốc Thanh '),
('4b5f36b2-71d7-58eb-badb-e5d54223c257', '7C2G9R', 'Kieth1999', '6207a9a7-3bf9-7288-8565-390639088226', '1731fa87-79fd-4cc1-6978-553c0310877a', '13a507d0-342d-6292-6de3-2ceaa9cf3765', 126144.4324, 362692.3140, '', 0, NULL, '2022-01-04 11:39:26', 'Trân Quang Thanh ', '2022-01-09 15:06:46', 'Trân Minh Nhật '),
('4c2386b1-57fb-15fa-1063-eeb1d8ed8cef', '2EC0V0', 'Kurt16', '11643064-22fb-7e14-1399-04b3a3d51ef2', '5f620c85-55d9-7632-6a78-553c0310877a', '1f60e54f-196f-45f3-5498-ae38c5379e4b', 1554254.2746, NULL, '', NULL, NULL, '2020-07-13 12:51:03', 'Trân Quang Ngọc ', '2020-07-19 17:50:19', 'Hoàng Văn Nhật '),
('4cd4bba1-49ac-6e4c-b4db-e5d54223c257', '9XY71T', 'Adolfo2010', '6ed2e962-178c-712c-fd4d-8601bf3d85d8', '7a0b757e-41eb-4df6-c6f8-494a84b910f4', '1949dae3-4d44-217e-9c66-a58ab8ff47ca', 1318601.5215, 446998.4034, '', NULL, NULL, '2020-08-26 16:00:36', 'Trịnh Tuấn Tuấn ', '2020-08-27 10:07:01', 'Phạm Ngọc Tuấn '),
('4d79d901-1edc-5c5b-0780-e8e2a817c80e', 'AXEY59', 'Burnham429', '60e226cb-63fb-4363-fc4d-8601bf3d85d8', '2d7c5749-57b4-3c7a-eddc-845b5dcdad45', '1242d680-4f02-3bbb-9d66-a58ab8ff47ca', 1358305.6855, 603400.7400, '', 0, NULL, '2021-03-24 19:49:58', 'Hoàng Thái Hoàng ', '2021-03-31 00:35:15', 'Trịnh Thái Thuận '),
('4d7b21db-2e02-12b7-a9db-e5d54223c257', '22NQQ2', 'Aguilera1993', '6ed2e962-178c-712c-fd4d-8601bf3d85d8', '7dcdc0cb-212f-604b-c7f8-494a84b910f4', '6e0dc48e-3eac-6143-9b66-a58ab8ff47ca', 202952.9980, 761180.5216, '', 0, NULL, '2020-10-24 03:28:23', 'Trịnh Ngọc Thành ', '2020-10-26 17:27:59', 'Nguyễn Việt Bằng '),
('4e01ca19-178d-1579-9c90-67245e8b283e', '3TD051', 'Devlin938', '15b4ab0a-3b8f-6f6f-2a8f-4d82f3a13455', '3631011e-4559-4ad8-b0ad-cb989f2177da', '114b715b-430f-74cd-d5c6-21b180c0988f', 717939.7397, 695025.5513, '', NULL, NULL, '2021-08-02 09:45:59', 'Hoàng Ngọc Bằng ', '2021-08-06 09:17:04', 'Nguyễn Văn Thái '),
('4e272fc4-7875-78d6-7d32-6a1673ffca7c', 'U77764', 'Quintin5', '76598eb0-20b1-664e-8665-390639088226', '16f20a3e-4e43-1b90-cbc7-6c0aeb6ec302', '1f60e54f-196f-45f3-5498-ae38c5379e4b', 322945.5014, 838827.5014, '', 0, NULL, '2020-05-14 02:52:34', 'Trịnh Quang Thanh ', '2020-05-18 19:20:31', 'Nguyễn  Diễm Ngọc'),
('4eceddac-7dc2-38ea-7bdd-867949feb8b5', '5LR987', 'Walter2005', '697be7ba-1738-6adf-298f-4d82f3a13455', '185f84ed-4563-51a0-cac7-6c0aeb6ec302', '6827e1c0-5b98-6d19-831b-27d9d367aeb0', 473740.6909, NULL, '', NULL, NULL, '2020-01-01 00:00:10', 'Nguyễn Đức Cường ', '2020-01-05 23:20:54', 'Nguyễn Thái Mạnh '),
('4f6d1696-757a-42a0-0a80-e8e2a817c80e', '1BI2CW', 'Abernathy1963', '11643064-22fb-7e14-1399-04b3a3d51ef2', '27366e4a-5248-12e3-e312-ebbbcf065d1c', '13a507d0-342d-6292-6de3-2ceaa9cf3765', 145841.1292, 900271.5051, '', 1, NULL, '2020-12-01 00:03:26', 'Nguyễn Tuấn Minh ', '2020-12-03 01:08:54', 'Nguyễn Văn Thuận '),
('50d65da3-631c-5139-9b90-67245e8b283e', 'J6T9A3', 'Lemmon291', '4bfe55ba-57df-274c-1144-cfd00e0a9b3b', '19165ed7-212e-21c4-0428-030d4265475f', '13a507d0-342d-6292-6de3-2ceaa9cf3765', 829895.2546, 925303.4068, '', 1, NULL, '2020-06-14 00:33:22', 'Phạm Đức Khánh ', '2020-06-14 12:23:40', 'Hoàng Thái Thanh '),
('511f2482-76be-16cb-84dd-867949feb8b5', '238HNN', 'Leo726', '5ada22d3-3248-6596-6e1a-bb545470e80c', '79e2659b-1e78-7dc9-0528-030d4265475f', '6e0dc48e-3eac-6143-9b66-a58ab8ff47ca', 1516595.5490, 784456.6373, '', NULL, NULL, '2020-01-01 01:40:54', 'Trịnh Thái Trường ', '2020-01-01 10:59:08', 'Nguyễn Văn Bằng '),
('52f674bb-7249-7b72-8b32-6a1673ffca7c', '5TCKRB', 'Luigi936', '6ed2e962-178c-712c-fd4d-8601bf3d85d8', '1731fa87-79fd-4cc1-6978-553c0310877a', '6827e1c0-5b98-6d19-831b-27d9d367aeb0', 1628280.2055, 111747.7906, '', 0, NULL, '2022-07-18 12:08:02', 'Nguyễn Việt Tuấn ', '2022-07-22 03:06:40', 'Nguyễn Minh Ngọc '),
('52f7159d-5242-1af8-9c7d-e8c757976496', 'X92I61', 'Tommie793', '4a0e751e-750e-45c3-de78-cf6d4dd5c4a3', '185f84ed-4563-51a0-cac7-6c0aeb6ec302', '114b715b-430f-74cd-d5c6-21b180c0988f', 40981.1200, 934843.5660, '', 1, NULL, '2020-01-01 00:13:11', 'Nguyễn Văn Ngọc ', '2020-01-04 04:16:52', 'Nguyễn Quang Tuấn '),
('53f6b59c-6af6-4204-6292-08c864661f9c', 'S8QQ49', 'Krissy913', '5e6695e2-5aad-3241-6c1a-bb545470e80c', '5f7b48e5-16f9-2f2f-ecdc-845b5dcdad45', '1242d680-4f02-3bbb-9d66-a58ab8ff47ca', 933238.9104, 415650.5052, '', 0, NULL, '2020-07-08 01:37:44', 'Nguyễn Đức Trường ', '2020-07-11 06:09:59', 'Hoàng Quang Hương '),
('550c9284-29ba-7fb5-7392-08c864661f9c', '516Z57', 'Adam6', '6207a9a7-3bf9-7288-8565-390639088226', '7a0b757e-41eb-4df6-c6f8-494a84b910f4', '13a507d0-342d-6292-6de3-2ceaa9cf3765', 1740028.8134, NULL, '', 0, NULL, '2021-11-11 20:52:28', 'Bùi Tuấn Nhật ', '2021-11-17 16:15:08', 'Mai Minh Cường '),
('5608f456-3b97-2e05-5d92-08c864661f9c', '2D5K2E', 'Elise28', '11fbda18-5d9f-396c-1299-04b3a3d51ef2', '5f7b48e5-16f9-2f2f-ecdc-845b5dcdad45', '6e0dc48e-3eac-6143-9b66-a58ab8ff47ca', 1472506.7175, 665706.0422, '', 0, NULL, '2020-01-01 00:05:13', 'Nguyễn Đức Bằng ', '2020-01-04 16:08:51', 'Phạm Văn Trường '),
('561eb2f7-48b8-58dd-6892-08c864661f9c', 'BU2263', 'Joesph1974', '4a0e751e-750e-45c3-de78-cf6d4dd5c4a3', '5f7b48e5-16f9-2f2f-ecdc-845b5dcdad45', '114b715b-430f-74cd-d5c6-21b180c0988f', 127952.5051, 134226.9679, '', 1, NULL, '2020-01-01 00:01:21', 'Nguyễn Việt Bằng ', '2020-01-05 07:47:33', 'Nguyễn Tuấn Minh '),
('5660d465-6020-48f3-75dd-867949feb8b5', '6XF990', 'Johnston1952', '15b4ab0a-3b8f-6f6f-2a8f-4d82f3a13455', '2d7c5749-57b4-3c7a-eddc-845b5dcdad45', '6e0dc48e-3eac-6143-9b66-a58ab8ff47ca', 210214.7998, 440175.4112, '', NULL, NULL, '2022-01-25 13:37:09', 'Nguyễn Thái Hoàng ', '2022-01-29 02:48:10', 'Hoàng Việt Thanh '),
('56957607-562f-5d6d-1ecb-66948daf6128', 'U2I20Q', 'Gatewood3', '76598eb0-20b1-664e-8665-390639088226', '2924c34d-68f1-1d0a-c9c7-6c0aeb6ec302', '3650c04e-62b1-6908-5598-ae38c5379e4b', 1194218.9232, 691776.3546, '', 0, NULL, '2021-03-08 14:36:19', 'Nguyễn Việt Bằng ', '2021-03-13 18:04:13', 'Trịnh Thái Mạnh '),
('56978ca4-3960-6c89-1963-eeb1d8ed8cef', 'T5C43A', 'Borrego545', '6ed2e962-178c-712c-fd4d-8601bf3d85d8', '5f7b48e5-16f9-2f2f-ecdc-845b5dcdad45', '1242d680-4f02-3bbb-9d66-a58ab8ff47ca', 270476.5226, 747292.4094, '', 1, NULL, '2022-02-16 23:18:22', 'Nguyễn  Mai Ngọc', '2022-02-19 05:41:17', 'Nông Việt Mạnh '),
('56b19619-3b4b-5ed3-6d92-08c864661f9c', 'QV74H8', 'Alonso855', '6d81a322-63f0-7270-6d1a-bb545470e80c', '19165ed7-212e-21c4-0428-030d4265475f', '1242d680-4f02-3bbb-9d66-a58ab8ff47ca', 1987546.5882, 927842.8589, '', NULL, NULL, '2020-10-09 18:24:58', 'Nguyễn Văn Khánh ', '2020-10-10 19:37:04', 'Nguyễn Quốc Anh '),
('56ea0e4e-18dc-1b50-6f92-08c864661f9c', 'O2W0L1', 'Adam356', '6ed2e962-178c-712c-fd4d-8601bf3d85d8', '185f84ed-4563-51a0-cac7-6c0aeb6ec302', '13a507d0-342d-6292-6de3-2ceaa9cf3765', 235127.5577, NULL, '', NULL, NULL, '2020-12-27 02:56:45', 'Trịnh Văn Anh ', '2020-12-29 21:21:33', 'Nguyễn Văn Trường '),
('578a959e-1fe6-650e-b8db-e5d54223c257', '26QBS6', 'Cathleen1967', '3d1c5555-3e10-56cf-2b8f-4d82f3a13455', '1ce192a3-6b70-712d-fa74-9471face0ab4', '4958949d-17c9-454d-841b-27d9d367aeb0', 807314.6702, 470886.7074, '', 0, NULL, '2020-02-03 23:02:59', 'Hoàng Quang Cường ', '2020-02-06 05:24:16', 'Nguyễn Quang Nhật '),
('58d8d8a7-140b-5c87-82dd-867949feb8b5', 'V30W4Z', 'Ferris1984', '76598eb0-20b1-664e-8665-390639088226', '7a0b757e-41eb-4df6-c6f8-494a84b910f4', '1949dae3-4d44-217e-9c66-a58ab8ff47ca', 1829759.6977, 150847.1961, '', 1, NULL, '2020-01-01 02:09:58', 'Nguyễn Ngọc Bằng ', '2020-01-07 20:22:47', 'Đinh Minh Hoàng '),
('59d19422-6657-452e-a7db-e5d54223c257', 'A5115I', 'Chantel318', '76598eb0-20b1-664e-8665-390639088226', '7a0b757e-41eb-4df6-c6f8-494a84b910f4', '13a507d0-342d-6292-6de3-2ceaa9cf3765', 701293.0614, NULL, '', NULL, NULL, '2020-01-01 00:01:04', 'Nguyễn Đức Mạnh ', '2020-01-03 03:51:50', 'Nguyễn Thái Thành '),
('5abcb7aa-4be0-373c-b7db-e5d54223c257', 'K05G5F', 'Divina458', '11fbda18-5d9f-396c-1299-04b3a3d51ef2', '5626a583-2f8f-4518-e229-16c01537719a', '47782bc9-1bf1-7c7b-6ee3-2ceaa9cf3765', 1544207.2461, NULL, '', NULL, NULL, '2022-01-28 18:55:19', 'Hoàng Quốc Thái ', '2022-02-04 13:21:58', 'Trịnh Đức Thái '),
('5ae2d70b-201d-3e23-7f32-6a1673ffca7c', '2Y8908', 'Abreu232', '697be7ba-1738-6adf-298f-4d82f3a13455', '5f7b48e5-16f9-2f2f-ecdc-845b5dcdad45', '1949dae3-4d44-217e-9c66-a58ab8ff47ca', 179946.8393, 385854.8491, '', 0, NULL, '2020-02-02 07:00:35', 'Bùi Minh Nhật ', '2020-02-04 07:58:11', 'Trịnh Quang Cường '),
('5b2fcdf5-2050-7cb2-8f90-67245e8b283e', '1297PL', 'Stephan1976', '11fbda18-5d9f-396c-1299-04b3a3d51ef2', '19165ed7-212e-21c4-0428-030d4265475f', '3650c04e-62b1-6908-5598-ae38c5379e4b', 145901.7717, 26550.1297, '', 0, NULL, '2020-01-01 00:00:05', 'Trân Quốc Hoàng ', '2020-01-05 17:11:02', 'Võ Tuấn Cường '),
('5b50bf11-3f80-3d31-9032-6a1673ffca7c', '32LS80', 'Abreu7', '6d81a322-63f0-7270-6d1a-bb545470e80c', '2924c34d-68f1-1d0a-c9c7-6c0aeb6ec302', '114b715b-430f-74cd-d5c6-21b180c0988f', 1594877.0329, 223144.8626, '', 0, NULL, '2022-06-03 17:14:04', 'Nguyễn Thái Cường ', '2022-06-09 13:42:20', 'Nguyễn Minh Mạnh '),
('5badffd8-18c8-3f76-6492-08c864661f9c', 'PLKEWH', 'Stephine2005', '33c6f0f4-3591-2c8e-1244-cfd00e0a9b3b', '7b01963d-2bc0-5b15-82c3-d3ede7a72094', '3650c04e-62b1-6908-5598-ae38c5379e4b', 742369.5921, 159459.2409, '', 0, NULL, '2020-01-01 00:00:02', 'Hoàng Văn Hương ', '2020-01-01 11:46:39', 'Hoàng Quốc Sơn '),
('5c63ba8f-59bb-6d2f-9990-67245e8b283e', 'X4J768', 'Paris2005', '60e226cb-63fb-4363-fc4d-8601bf3d85d8', '5f7b48e5-16f9-2f2f-ecdc-845b5dcdad45', '1f60e54f-196f-45f3-5498-ae38c5379e4b', 368766.7125, 114454.4714, '', 1, NULL, '2020-03-29 14:02:21', 'Nguyễn Quốc Minh ', '2020-04-03 06:48:15', 'Nguyễn  Diễm Linh'),
('5c86869a-6d0c-7cb1-2dcb-66948daf6128', '7WK719', 'Mendez1972', '11fbda18-5d9f-396c-1299-04b3a3d51ef2', '185f84ed-4563-51a0-cac7-6c0aeb6ec302', '114b715b-430f-74cd-d5c6-21b180c0988f', 1746980.5383, NULL, '', 1, NULL, '2020-01-01 00:00:59', 'Phạm Quốc Mạnh ', '2020-01-03 13:29:02', 'Nguyễn Ngọc Thuận '),
('5d69f482-4df8-2e61-0e80-e8e2a817c80e', 'R2H2SL', 'Adalberto2011', '5ada22d3-3248-6596-6e1a-bb545470e80c', '19165ed7-212e-21c4-0428-030d4265475f', '1f60e54f-196f-45f3-5498-ae38c5379e4b', 907171.5497, 552254.4038, '', 1, NULL, '2021-09-11 21:46:59', 'Nguyễn Quốc Hương ', '2021-09-15 02:45:11', 'Trân  Thị Ngọc'),
('5fbbda7e-7566-416f-9b7d-e8c757976496', 'U19E57', 'Abbie3', '697be7ba-1738-6adf-298f-4d82f3a13455', '79e2659b-1e78-7dc9-0528-030d4265475f', '6827e1c0-5b98-6d19-831b-27d9d367aeb0', 1220666.5660, 211313.6606, '', 1, NULL, '2022-02-22 15:54:44', 'Mai Minh Hiếu ', '2022-02-28 16:13:04', 'Nguyễn Thái Minh '),
('60084fec-3509-2779-8432-6a1673ffca7c', '4Y8MI5', 'Lakeesha764', '76598eb0-20b1-664e-8665-390639088226', '185f84ed-4563-51a0-cac7-6c0aeb6ec302', '6827e1c0-5b98-6d19-831b-27d9d367aeb0', 234895.1696, 754146.0836, '', 1, NULL, '2022-01-28 23:22:11', 'Võ Minh Thái ', '2022-01-31 18:10:53', 'Nguyễn Minh Thanh '),
('6081dc00-4df0-5184-9690-67245e8b283e', '227L2N', 'Nathan716', '15b4ab0a-3b8f-6f6f-2a8f-4d82f3a13455', '5f7b48e5-16f9-2f2f-ecdc-845b5dcdad45', '114b715b-430f-74cd-d5c6-21b180c0988f', 52020.3546, 531233.4827, '', 0, NULL, '2020-01-01 01:15:49', 'Nguyễn Thái Tuấn ', '2020-01-05 16:55:10', 'Phạm Văn Nhật '),
('6149c4f4-425b-60e0-b3db-e5d54223c257', 'X507K5', 'Lottie769', '6ed2e962-178c-712c-fd4d-8601bf3d85d8', '5f7b48e5-16f9-2f2f-ecdc-845b5dcdad45', '47782bc9-1bf1-7c7b-6ee3-2ceaa9cf3765', 248170.4952, 300824.9567, '', 1, NULL, '2021-08-20 00:53:34', 'Nguyễn Việt Bằng ', '2021-08-24 11:34:26', 'Hoàng  Diễm Loan'),
('61a45b9e-55c1-3dbb-f917-7000f455f3d5', 'I97Y0E', 'Christian1985', '4bfe55ba-57df-274c-1144-cfd00e0a9b3b', '2d7c5749-57b4-3c7a-eddc-845b5dcdad45', '6827e1c0-5b98-6d19-831b-27d9d367aeb0', 881420.9550, 640661.8715, '', 0, NULL, '2020-01-01 00:02:22', 'Nguyễn Thái Nhật ', '2020-01-04 06:26:54', 'Trịnh Thái Tuấn '),
('61a68ac1-3e74-5149-a290-67245e8b283e', 'EI91C7', 'Torres348', '697be7ba-1738-6adf-298f-4d82f3a13455', '3631011e-4559-4ad8-b0ad-cb989f2177da', '13a507d0-342d-6292-6de3-2ceaa9cf3765', 407322.7953, 829676.4928, '', 1, NULL, '2020-01-01 00:02:02', 'Nguyễn Đức Trường ', '2020-01-07 15:09:25', 'Trân Đức Mạnh '),
('61de96a0-125e-6f06-9e90-67245e8b283e', 'XNH45E', 'Adrianne3', '11fbda18-5d9f-396c-1299-04b3a3d51ef2', '7a0b757e-41eb-4df6-c6f8-494a84b910f4', '1f60e54f-196f-45f3-5498-ae38c5379e4b', 1221956.1497, 207431.4592, '', 1, NULL, '2022-01-23 23:09:53', 'Nguyễn Thái Sơn ', '2022-01-28 07:03:12', 'Hoàng Thái Tuấn '),
('62071e5d-7876-6982-a67d-e8c757976496', '111IHK', 'Jorgenson817', '60e226cb-63fb-4363-fc4d-8601bf3d85d8', '16f20a3e-4e43-1b90-cbc7-6c0aeb6ec302', '3650c04e-62b1-6908-5598-ae38c5379e4b', 1298625.4003, 675501.9091, '', 1, NULL, '2020-01-09 13:29:51', 'Nguyễn Thái Trường ', '2020-01-10 21:05:07', 'Lê Quang Hương '),
('620dbda4-3d7b-6ef2-89dd-867949feb8b5', 'YG23K9', 'Dahlia7', '76598eb0-20b1-664e-8665-390639088226', '7dcdc0cb-212f-604b-c7f8-494a84b910f4', '3650c04e-62b1-6908-5598-ae38c5379e4b', 213626.4160, 449693.6301, '', 0, NULL, '2021-12-17 15:38:37', 'Nguyễn Quốc Mạnh ', '2021-12-20 18:35:37', 'Võ Quốc Hoàng '),
('6429b0f4-1391-7f32-9390-67245e8b283e', '885XV6', 'Jefferies7', '5ada22d3-3248-6596-6e1a-bb545470e80c', '3631011e-4559-4ad8-b0ad-cb989f2177da', '1242d680-4f02-3bbb-9d66-a58ab8ff47ca', 1304211.5053, 923887.2930, '', 1, NULL, '2022-07-12 22:00:09', 'Nguyễn Đức Tuấn ', '2022-07-14 15:57:51', 'Mai Thái Khánh '),
('645f2e5c-7670-66a0-6092-08c864661f9c', '4D7ZEH', 'Abdul134', '6207a9a7-3bf9-7288-8565-390639088226', '2924c34d-68f1-1d0a-c9c7-6c0aeb6ec302', '6e0dc48e-3eac-6143-9b66-a58ab8ff47ca', 559912.1798, 643732.4092, '', 1, NULL, '2020-08-08 00:01:58', 'Lê Việt Sơn ', '2020-08-10 06:38:22', 'Nguyễn Minh Hoàng '),
('65a8faaa-15cf-61dc-7092-08c864661f9c', '6Z9I82', 'Bryson331', '15b4ab0a-3b8f-6f6f-2a8f-4d82f3a13455', '2924c34d-68f1-1d0a-c9c7-6c0aeb6ec302', '13a507d0-342d-6292-6de3-2ceaa9cf3765', 1065943.5049, 73010.8324, '', 0, NULL, '2020-01-01 00:02:18', 'Đinh Quốc Hương ', '2020-01-02 08:26:22', 'Bùi Văn Cường '),
('66e9a5b8-2a02-52f5-85dd-867949feb8b5', 'MN38ET', 'Norton7', '15b4ab0a-3b8f-6f6f-2a8f-4d82f3a13455', '1ce192a3-6b70-712d-fa74-9471face0ab4', '47782bc9-1bf1-7c7b-6ee3-2ceaa9cf3765', 898667.9091, 874847.7397, '', 0, NULL, '2022-05-01 20:56:51', 'Võ Việt Minh ', '2022-05-04 10:43:36', 'Nguyễn Ngọc Minh '),
('6719e18d-6121-4bee-8c32-6a1673ffca7c', '38AXMB', 'Herb214', '11643064-22fb-7e14-1399-04b3a3d51ef2', '16f20a3e-4e43-1b90-cbc7-6c0aeb6ec302', '47782bc9-1bf1-7c7b-6ee3-2ceaa9cf3765', 1934356.2716, 909321.2085, '', 0, NULL, '2020-06-28 01:45:37', 'Nông Thái Cường ', '2020-06-29 20:24:28', 'Nguyễn Minh Thái '),
('6764ab86-6fcc-2757-8032-6a1673ffca7c', 'YMJG75', 'Alcala1977', '33c6f0f4-3591-2c8e-1244-cfd00e0a9b3b', '7dcdc0cb-212f-604b-c7f8-494a84b910f4', '1949dae3-4d44-217e-9c66-a58ab8ff47ca', 1026725.0603, 74487.7175, '', 0, NULL, '2021-11-15 00:46:51', 'Trịnh Tuấn Cường ', '2021-11-17 12:33:51', 'Võ Ngọc Cường '),
('67b5c284-1c59-4a0a-0580-e8e2a817c80e', 'PATAXV', 'Crosby1970', '4bfe55ba-57df-274c-1144-cfd00e0a9b3b', '27366e4a-5248-12e3-e312-ebbbcf065d1c', '1242d680-4f02-3bbb-9d66-a58ab8ff47ca', 507295.6168, 536585.1696, '', 0, NULL, '2021-02-28 17:10:44', 'Nông Văn Anh ', '2021-03-06 11:33:58', 'Phạm Ngọc Mạnh '),
('67ef417b-756d-6f15-a27d-e8c757976496', 'MMAAM5', 'Patrina8', '4a0e751e-750e-45c3-de78-cf6d4dd5c4a3', '3631011e-4559-4ad8-b0ad-cb989f2177da', '6827e1c0-5b98-6d19-831b-27d9d367aeb0', 536578.9196, 773674.5334, '', 1, NULL, '2020-01-01 02:20:49', 'Hoàng Văn Hiếu ', '2020-01-07 11:44:49', 'Trịnh Thái Nhật '),
('68478414-705a-2626-5c92-08c864661f9c', '8CC442', 'Carpenter1994', '11643064-22fb-7e14-1399-04b3a3d51ef2', '5626a583-2f8f-4518-e229-16c01537719a', '4958949d-17c9-454d-841b-27d9d367aeb0', 180944.3046, 511345.9913, '', 0, NULL, '2020-01-01 00:00:01', 'Nguyễn Ngọc Hương ', '2020-01-05 16:18:23', 'Nguyễn Minh Thanh '),
('6916f8cf-1279-16d8-9290-67245e8b283e', '23G3Q9', 'Hubert2025', '697be7ba-1738-6adf-298f-4d82f3a13455', '27366e4a-5248-12e3-e312-ebbbcf065d1c', '4958949d-17c9-454d-841b-27d9d367aeb0', 485504.0830, 708701.6987, '', 0, NULL, '2021-01-15 23:37:23', 'Nguyễn  Thị Hương', '2021-01-22 08:41:12', 'Nguyễn Quốc Sơn '),
('696f0f83-27ea-5246-1380-e8e2a817c80e', '9I117W', 'Araceli2013', '4bfe55ba-57df-274c-1144-cfd00e0a9b3b', '4cf2dd43-5f4b-71b6-e212-ebbbcf065d1c', '3650c04e-62b1-6908-5598-ae38c5379e4b', 739688.1290, 922783.0329, '', 1, NULL, '2020-01-01 00:00:07', 'Hoàng Thái Mạnh ', '2020-01-02 03:37:28', 'Trân Thái Tuấn '),
('698623e9-1def-6cb3-fa17-7000f455f3d5', '4G08RP', 'Abe1988', '76598eb0-20b1-664e-8665-390639088226', '2924c34d-68f1-1d0a-c9c7-6c0aeb6ec302', '1f60e54f-196f-45f3-5498-ae38c5379e4b', 275162.5972, 770504.2083, '', 1, NULL, '2021-06-07 20:32:50', 'Nguyễn Ngọc Cường ', '2021-06-14 01:07:13', 'Trân  Thị Lệ'),
('69cdb3c5-55bc-2a7a-9a7d-e8c757976496', '5KJFMT', 'Crystle2000', '6d81a322-63f0-7270-6d1a-bb545470e80c', '3631011e-4559-4ad8-b0ad-cb989f2177da', '47782bc9-1bf1-7c7b-6ee3-2ceaa9cf3765', 1723602.8715, 63478.5053, '', 0, NULL, '2022-04-26 05:57:21', 'Hoàng Ngọc Mạnh ', '2022-05-02 15:25:26', 'Nguyễn Ngọc Sơn '),
('6a4d99cd-242a-6200-7add-867949feb8b5', '7390Z1', 'Opal1955', '4a0e751e-750e-45c3-de78-cf6d4dd5c4a3', '5626a583-2f8f-4518-e229-16c01537719a', '4958949d-17c9-454d-841b-27d9d367aeb0', 57252.6606, 103387.9550, '', 1, NULL, '2022-07-26 04:54:43', 'Võ Thái Tuấn ', '2022-08-02 00:21:37', 'Nông Việt Minh '),
('6a779fff-7bc4-54f4-b5db-e5d54223c257', '08HV23', 'Herzog2023', '5e6695e2-5aad-3241-6c1a-bb545470e80c', '3be7f5cf-7438-6ede-83c3-d3ede7a72094', '13a507d0-342d-6292-6de3-2ceaa9cf3765', 614649.2085, 968804.3464, '', 1, NULL, '2021-11-16 08:52:46', 'Trân Minh Minh ', '2021-11-18 08:28:43', 'Phạm Quang Tuấn '),
('6af6ef19-44ef-22a6-0118-7000f455f3d5', '2MAK6W', 'Delossantos2016', '697be7ba-1738-6adf-298f-4d82f3a13455', '5f620c85-55d9-7632-6a78-553c0310877a', '1f60e54f-196f-45f3-5498-ae38c5379e4b', 426319.1255, 491631.2716, '', 0, NULL, '2020-12-06 07:17:42', 'Võ Đức Ngọc ', '2020-12-11 16:22:34', 'Hoàng  Thị Ly'),
('6c97b353-5d7d-4095-1dcb-66948daf6128', 'V5X743', 'Arnold5', '60e226cb-63fb-4363-fc4d-8601bf3d85d8', '1731fa87-79fd-4cc1-6978-553c0310877a', '1949dae3-4d44-217e-9c66-a58ab8ff47ca', 644523.7077, 574836.5972, '', 0, NULL, '2022-08-06 14:14:25', 'Nông Thái Trường ', '2022-08-10 09:58:11', 'Trịnh Thái Trường '),
('6de8272b-7b3b-319f-8a32-6a1673ffca7c', '1U64N2', 'Albrecht986', '5e6695e2-5aad-3241-6c1a-bb545470e80c', '2924c34d-68f1-1d0a-c9c7-6c0aeb6ec302', '4958949d-17c9-454d-841b-27d9d367aeb0', 1667482.7906, 95852.2955, '', 1, NULL, '2020-01-19 01:09:57', 'Hoàng Ngọc Thanh ', '2020-01-24 05:53:07', 'Hoàng Quốc Anh '),
('6f2475a8-1ff5-13e7-0680-e8e2a817c80e', '9MSOA1', 'Breedlove49', '5ada22d3-3248-6596-6e1a-bb545470e80c', '1731fa87-79fd-4cc1-6978-553c0310877a', '4958949d-17c9-454d-841b-27d9d367aeb0', 824019.4714, 701920.1080, '', 1, NULL, '2020-02-15 14:17:11', 'Phạm Thái Hoàng ', '2020-02-15 22:17:15', 'Võ Văn Nhật '),
('6f9b639b-6124-3874-a87d-e8c757976496', 'HUYO60', 'Claribel1964', '15b4ab0a-3b8f-6f6f-2a8f-4d82f3a13455', '7b01963d-2bc0-5b15-82c3-d3ede7a72094', '1f60e54f-196f-45f3-5498-ae38c5379e4b', 1811233.9016, 128484.5902, '', 1, NULL, '2020-01-12 16:14:36', 'Nguyễn Việt Thành ', '2020-01-17 09:21:40', 'Nguyễn Việt Sơn '),
('70253ec7-2e38-67a9-b1db-e5d54223c257', '5W5942', 'Rory7', '11643064-22fb-7e14-1399-04b3a3d51ef2', '2924c34d-68f1-1d0a-c9c7-6c0aeb6ec302', '1949dae3-4d44-217e-9c66-a58ab8ff47ca', 790056.7400, 751357.4337, '', 1, NULL, '2020-01-01 00:06:40', 'Hoàng  Ngọc Hường', '2020-01-02 07:01:08', 'Trịnh Thái Sơn '),
('7050d79b-6948-3c66-1fcb-66948daf6128', '708Y67', 'Lyn1953', '11643064-22fb-7e14-1399-04b3a3d51ef2', '16f20a3e-4e43-1b90-cbc7-6c0aeb6ec302', '4958949d-17c9-454d-841b-27d9d367aeb0', 694492.6712, 345392.7728, '', 1, NULL, '2020-05-15 05:27:20', 'Nguyễn Quốc Ngọc ', '2020-05-20 10:10:23', 'Nguyễn Việt Nhật '),
('70af83de-413e-63ef-6592-08c864661f9c', '03TV7M', 'Aurelio6', '4bfe55ba-57df-274c-1144-cfd00e0a9b3b', '7b01963d-2bc0-5b15-82c3-d3ede7a72094', '4958949d-17c9-454d-841b-27d9d367aeb0', 305765.8573, 942264.6712, '', 1, NULL, '2020-01-01 00:37:44', 'Trịnh  Mai Ngọc', '2020-01-05 21:49:39', 'Phạm Quốc Mạnh '),
('70d5acf3-2d43-7ebb-9a90-67245e8b283e', '6KY20M', 'Allard2025', '76598eb0-20b1-664e-8665-390639088226', '3631011e-4559-4ad8-b0ad-cb989f2177da', '114b715b-430f-74cd-d5c6-21b180c0988f', 723410.8645, 336186.6193, '', NULL, NULL, '2021-01-03 05:55:14', 'Võ Việt Bằng ', '2021-01-07 16:32:30', 'Nguyễn Thái Sơn '),
('7136099c-206b-1466-81dd-867949feb8b5', '0P54RK', 'Linkous788', '76598eb0-20b1-664e-8665-390639088226', '471530a2-44fe-7395-b1ad-cb989f2177da', '1949dae3-4d44-217e-9c66-a58ab8ff47ca', 1667659.2955, 527178.9799, '', 0, NULL, '2021-08-23 02:04:50', 'Nguyễn Ngọc Trường ', '2021-08-25 20:59:46', 'Nguyễn Minh Tuấn '),
('71c459c3-508d-1245-b6db-e5d54223c257', 'V5V2Z4', 'Denese2011', '4bfe55ba-57df-274c-1144-cfd00e0a9b3b', '5626a583-2f8f-4518-e229-16c01537719a', '1949dae3-4d44-217e-9c66-a58ab8ff47ca', 1787798.2074, 407415.8777, '', 1, NULL, '2021-06-08 20:18:47', 'Nguyễn Quốc Trường ', '2021-06-13 22:11:16', 'Nguyễn Việt Khánh '),
('72ce912f-6015-2e14-fb17-7000f455f3d5', 'O00EL9', 'Faviola546', '6d81a322-63f0-7270-6d1a-bb545470e80c', '3631011e-4559-4ad8-b0ad-cb989f2177da', '3650c04e-62b1-6908-5598-ae38c5379e4b', 1448904.1306, 517511.2746, '', 1, NULL, '2021-05-23 12:02:57', 'Bùi  Mai Hân', '2021-05-29 20:32:28', 'Trịnh Quang Tuấn '),
('7325f44f-127c-240c-afdb-e5d54223c257', '98AY20', 'Augustina1986', '6207a9a7-3bf9-7288-8565-390639088226', '7dcdc0cb-212f-604b-c7f8-494a84b910f4', '13a507d0-342d-6292-6de3-2ceaa9cf3765', 630350.1080, 133727.9104, '', 0, NULL, '2020-05-10 15:33:27', 'Lê Văn Ngọc ', '2020-05-16 18:32:50', 'Võ  Diễm Giang'),
('73feb9c0-5258-209c-1280-e8e2a817c80e', '5M7S73', 'Rawlings2010', '15b4ab0a-3b8f-6f6f-2a8f-4d82f3a13455', '5626a583-2f8f-4518-e229-16c01537719a', '6e0dc48e-3eac-6143-9b66-a58ab8ff47ca', 842844.6464, 593495.4743, '', 0, NULL, '2022-02-24 08:18:33', 'Đinh Quang Cường ', '2022-03-02 22:16:25', 'Nguyễn Ngọc Bằng '),
('74017ba6-559b-3426-8532-6a1673ffca7c', '2HHJWF', 'Alger64', '5ada22d3-3248-6596-6e1a-bb545470e80c', '5f620c85-55d9-7632-6a78-553c0310877a', '1242d680-4f02-3bbb-9d66-a58ab8ff47ca', 1402443.0418, NULL, '', NULL, NULL, '2021-04-21 18:35:05', 'Nguyễn Việt Anh ', '2021-04-26 19:59:36', 'Nguyễn  Thị Ly'),
('756ac66d-5ca5-79ff-b9db-e5d54223c257', '353GJP', 'Cleveland55', '697be7ba-1738-6adf-298f-4d82f3a13455', '7a0b757e-41eb-4df6-c6f8-494a84b910f4', '114b715b-430f-74cd-d5c6-21b180c0988f', 1280096.0658, 809778.2736, '', 1, NULL, '2020-12-19 22:06:09', 'Đinh Tuấn Trường ', '2020-12-25 02:40:47', 'Nguyễn Minh Sơn '),
('758f86f1-3af9-68b9-1763-eeb1d8ed8cef', '9G798C', 'Maloney8', '6ed2e962-178c-712c-fd4d-8601bf3d85d8', '5f7b48e5-16f9-2f2f-ecdc-845b5dcdad45', '6e0dc48e-3eac-6143-9b66-a58ab8ff47ca', 1554958.4743, 74993.2461, '', 0, NULL, '2021-07-14 04:34:33', 'Nguyễn Tuấn Tuấn ', '2021-07-16 11:06:29', 'Nguyễn Ngọc Ngọc '),
('75fcbf6d-4e84-4cc4-9f90-67245e8b283e', '832A14', 'Luisa558', '11643064-22fb-7e14-1399-04b3a3d51ef2', '1ce192a3-6b70-712d-fa74-9471face0ab4', '13a507d0-342d-6292-6de3-2ceaa9cf3765', 518681.8626, 337479.1570, '', 1, NULL, '2022-03-14 16:03:36', 'Trịnh Thái Thành ', '2022-03-19 16:35:20', 'Lê Quốc Trường '),
('7623d42f-35f4-1ce5-987d-e8c757976496', '416USR', 'Shank212', '11fbda18-5d9f-396c-1299-04b3a3d51ef2', '7dcdc0cb-212f-604b-c7f8-494a84b910f4', '4958949d-17c9-454d-841b-27d9d367aeb0', 735264.0422, 138914.8393, '', 1, NULL, '2021-12-20 09:59:26', 'Võ Quang Thành ', '2021-12-23 04:08:18', 'Trân Quốc Cường '),
('767111e6-3dbc-615a-0880-e8e2a817c80e', 'BM7JGR', 'Camila492', '6ed2e962-178c-712c-fd4d-8601bf3d85d8', '3631011e-4559-4ad8-b0ad-cb989f2177da', '1f60e54f-196f-45f3-5498-ae38c5379e4b', 1809376.3109, 154835.1519, '', 0, NULL, '2022-05-22 05:44:50', 'Bùi Quang Mạnh ', '2022-05-22 06:58:49', 'Hoàng Ngọc Mạnh '),
('7686595d-16d5-33b3-0080-e8e2a817c80e', 'BW5PIA', 'Woodrow2009', '15b4ab0a-3b8f-6f6f-2a8f-4d82f3a13455', '27366e4a-5248-12e3-e312-ebbbcf065d1c', '1242d680-4f02-3bbb-9d66-a58ab8ff47ca', 1653418.9404, 775720.9404, '', NULL, NULL, '2022-02-28 06:20:30', 'Hoàng Tuấn Hiếu ', '2022-03-04 21:02:03', 'Bùi Minh Thành '),
('768f8e64-7d10-20c9-967d-e8c757976496', 'K3TIQU', 'Shenita2027', '4bfe55ba-57df-274c-1144-cfd00e0a9b3b', NULL, '3650c04e-62b1-6908-5598-ae38c5379e4b', 799493.0114, 162045.0114, '', NULL, NULL, '2021-10-06 13:50:11', 'Lê Thái Mạnh ', '2021-10-12 07:50:10', 'Trịnh Việt Khánh '),
('771e3dd1-42bb-2339-acdb-e5d54223c257', 'Z49R8K', 'Lanette688', '6d81a322-63f0-7270-6d1a-bb545470e80c', '5f7b48e5-16f9-2f2f-ecdc-845b5dcdad45', '1949dae3-4d44-217e-9c66-a58ab8ff47ca', 765280.4313, 115257.0090, '', 1, NULL, '2020-05-31 00:59:37', 'Lê Văn Thanh ', '2020-06-04 03:14:39', 'Trịnh Đức Thanh '),
('773acde0-4741-351b-6992-08c864661f9c', '49MSD7', 'Hatley1965', '76598eb0-20b1-664e-8665-390639088226', '79e2659b-1e78-7dc9-0528-030d4265475f', '6e0dc48e-3eac-6143-9b66-a58ab8ff47ca', 864681.5513, 525469.0151, '', 0, NULL, '2020-06-18 13:49:01', 'Nguyễn  Thị Linh', '2020-06-23 00:13:04', 'Nguyễn Ngọc Ngọc '),
('791b9e6b-6010-1e33-b0db-e5d54223c257', '92KSP5', 'Waneta756', '11fbda18-5d9f-396c-1299-04b3a3d51ef2', '471530a2-44fe-7395-b1ad-cb989f2177da', '1242d680-4f02-3bbb-9d66-a58ab8ff47ca', 150895.7728, 495718.6909, '', 1, NULL, '2020-01-01 00:09:39', 'Đinh Tuấn Trường ', '2020-01-02 11:42:06', 'Hoàng Tuấn Cường '),
('79fa8253-391f-4864-b2db-e5d54223c257', '1F0TKX', 'Carol263', '6d81a322-63f0-7270-6d1a-bb545470e80c', '7dcdc0cb-212f-604b-c7f8-494a84b910f4', '6e0dc48e-3eac-6143-9b66-a58ab8ff47ca', 1851625.0173, 132529.9958, '', 0, NULL, '2020-01-01 00:16:13', 'Võ Việt Hoàng ', '2020-01-05 08:41:06', 'Trịnh Quang Sơn '),
('7abe18db-2b8a-5fcb-aedb-e5d54223c257', '20IE3W', 'Tandra1967', '11fbda18-5d9f-396c-1299-04b3a3d51ef2', '7b01963d-2bc0-5b15-82c3-d3ede7a72094', '4958949d-17c9-454d-841b-27d9d367aeb0', 1193483.8432, 342518.5020, '', 1, NULL, '2021-05-08 22:15:15', 'Nông Quốc Anh ', '2021-05-14 06:05:25', 'Nguyễn Văn Minh '),
('7b808a79-129e-4370-0018-7000f455f3d5', '520EK6', 'Cary2007', '15b4ab0a-3b8f-6f6f-2a8f-4d82f3a13455', '3631011e-4559-4ad8-b0ad-cb989f2177da', '1f60e54f-196f-45f3-5498-ae38c5379e4b', 1961220.7638, 61532.4211, '', 0, NULL, '2021-07-11 05:42:46', 'Nông Minh Bằng ', '2021-07-13 09:35:50', 'Nguyễn Việt Ngọc '),
('7bec5682-21c4-666f-a8db-e5d54223c257', '092H72', 'Doyle2', '60e226cb-63fb-4363-fc4d-8601bf3d85d8', '19165ed7-212e-21c4-0428-030d4265475f', '1242d680-4f02-3bbb-9d66-a58ab8ff47ca', 371373.4112, 515516.3046, '', 0, NULL, '2020-08-26 07:07:21', 'Nguyễn Minh Anh ', '2020-08-28 17:05:12', 'Võ Quốc Thuận '),
('7d663944-7eb7-7c68-8add-867949feb8b5', 'ZI5Y82', 'Arnold5', '15b4ab0a-3b8f-6f6f-2a8f-4d82f3a13455', '5f7b48e5-16f9-2f2f-ecdc-845b5dcdad45', '114b715b-430f-74cd-d5c6-21b180c0988f', 466029.1352, 731970.9016, '', 0, NULL, '2021-12-16 12:17:33', 'Trịnh Đức Hiếu ', '2021-12-21 08:37:27', 'Nguyễn Ngọc Minh '),
('7dbdf5fd-6a92-497b-0c80-e8e2a817c80e', 'FY5SPA', 'Bobby386', '697be7ba-1738-6adf-298f-4d82f3a13455', '1ce192a3-6b70-712d-fa74-9471face0ab4', '6e0dc48e-3eac-6143-9b66-a58ab8ff47ca', 1191942.4592, 943444.7026, '', NULL, NULL, '2021-10-30 15:39:43', 'Nông Việt Trường ', '2021-11-06 09:11:07', 'Nguyễn Văn Trường '),
('7e4a64ed-3925-5bb5-6392-08c864661f9c', 'TC4PL2', 'Velasquez896', '5ada22d3-3248-6596-6e1a-bb545470e80c', '1ce192a3-6b70-712d-fa74-9471face0ab4', '6827e1c0-5b98-6d19-831b-27d9d367aeb0', 1328083.8349, NULL, '', NULL, NULL, '2020-01-01 00:00:38', 'Mai Ngọc Mạnh ', '2020-01-04 03:19:30', 'Nguyễn Tuấn Thanh '),
('7e8f50b2-5100-74d8-0480-e8e2a817c80e', 'F01109', 'Carden228', '33c6f0f4-3591-2c8e-1244-cfd00e0a9b3b', '5f620c85-55d9-7632-6a78-553c0310877a', '3650c04e-62b1-6908-5598-ae38c5379e4b', 1226391.4827, 773736.8432, '', 0, NULL, '2022-06-12 14:31:11', 'Hoàng Văn Mạnh ', '2022-06-15 22:34:17', 'Trịnh Ngọc Anh '),
('7f3d5027-1858-6752-1080-e8e2a817c80e', 'Y4IWM6', 'Ai1955', '5e6695e2-5aad-3241-6c1a-bb545470e80c', '79e2659b-1e78-7dc9-0528-030d4265475f', '114b715b-430f-74cd-d5c6-21b180c0988f', 1874621.6508, 876189.5171, '', 1, NULL, '2020-01-01 00:00:37', 'Mai Đức Cường ', '2020-01-04 14:50:54', 'Phạm Việt Trường '),
('7f4552ee-20f2-2f82-9890-67245e8b283e', 'FC220F', 'Palmer854', '5e6695e2-5aad-3241-6c1a-bb545470e80c', '7dcdc0cb-212f-604b-c7f8-494a84b910f4', '13a507d0-342d-6292-6de3-2ceaa9cf3765', 482989.2409, 963360.6168, '', 0, NULL, '2021-09-21 18:16:49', 'Phạm Thái Cường ', '2021-09-24 15:40:18', 'Hoàng Tuấn Cường '),
('7f609b3d-31d7-548b-0318-7000f455f3d5', '16A065', 'Abby23', '6d81a322-63f0-7270-6d1a-bb545470e80c', '3be7f5cf-7438-6ede-83c3-d3ede7a72094', '13a507d0-342d-6292-6de3-2ceaa9cf3765', 1739639.8434, 816190.6319, '', 0, NULL, '2020-01-01 00:14:03', 'Nguyễn Việt Mạnh ', '2020-01-07 22:45:43', 'Trịnh Văn Trường '),
('7f662b42-535c-433b-6c92-08c864661f9c', 'GWFB10', 'Paredes9', '6d81a322-63f0-7270-6d1a-bb545470e80c', '4cf2dd43-5f4b-71b6-e212-ebbbcf065d1c', '1949dae3-4d44-217e-9c66-a58ab8ff47ca', 1313100.4211, 426150.2025, '', 0, NULL, '2022-03-11 15:26:52', 'Hoàng Minh Nhật ', '2022-03-12 22:47:36', 'Nguyễn Quang Ngọc ');

-- 
-- Dumping data for table FoodServiceHobby
--
INSERT INTO FoodServiceHobby VALUES
('11452b0c-768e-5ff7-0d63-eeb1d8ed8cef', '34e2b4cc-3758-293d-7aa4-4b24de418577', '2021-10-25 07:02:25', 'Nguyễn Ngọc Anh ', '2021-10-28 15:13:01', 'Hoàng Thái Trường '),
('11452b0c-768e-5ff7-0d63-eeb1d8ed8cef', '6528b15d-6674-724f-79a4-4b24de418577', '2022-03-22 06:38:42', 'Nguyễn Quang Bằng ', '2022-03-28 15:21:09', 'Trân Ngọc Anh '),
('142cb08f-7c31-21fa-8e90-67245e8b283e', '3e39129b-279f-623f-88ea-778aee59fea3', '2021-08-07 19:21:33', 'Nguyễn Tuấn Thành ', '2021-08-09 17:52:54', 'Lê Việt Khánh '),
('17120d02-6ab5-3e43-18cb-66948daf6128', '30007451-29ff-4fe4-3707-70859f4ff30d', '2021-04-26 05:49:53', 'Nguyễn Quang Ngọc ', '2021-04-29 09:53:13', 'Hoàng Quang Trường '),
('17120d02-6ab5-3e43-18cb-66948daf6128', '6528b15d-6674-724f-79a4-4b24de418577', '2020-06-21 04:56:52', 'Nguyễn Tuấn Ngọc ', '2020-06-21 05:19:42', 'Nguyễn Văn Bằng '),
('1ded3dd7-32db-5bc9-9190-67245e8b283e', '429ce6a6-62b9-6ad6-8aea-778aee59fea3', '2020-01-01 00:02:56', 'Lê Quốc Minh ', '2020-01-07 16:11:07', 'Nguyễn Thái Mạnh '),
('1ded3dd7-32db-5bc9-9190-67245e8b283e', '580aecdb-127b-39e1-6741-16298a76bb64', '2022-05-17 02:35:52', 'Bùi  Thị Hương', '2022-05-18 10:28:22', 'Hoàng Minh Cường '),
('284ccb05-337b-7e6f-9090-67245e8b283e', '2f26fe39-4c98-690e-a235-f63bd3f197bd', '2020-10-17 11:04:01', 'Trịnh Đức Thành ', '2020-10-19 18:24:37', 'Nguyễn Thái Cường '),
('284ccb05-337b-7e6f-9090-67245e8b283e', '610e08c4-5baf-708b-5f39-bf9bc2f12cf0', '2021-09-11 23:01:07', 'Võ Tuấn Trường ', '2021-09-17 10:28:59', 'Phạm Thái Hoàng '),
('2bbbd485-6df2-536a-7e32-6a1673ffca7c', '11131843-6f2a-7a2b-5052-ee3684e78c27', '2022-01-19 10:02:47', 'Nguyễn Việt Trường ', '2022-01-19 15:57:21', 'Nguyễn Minh Mạnh '),
('2bbbd485-6df2-536a-7e32-6a1673ffca7c', '309d2263-2362-1f28-93ef-c9d5c2d91e91', '2021-01-01 20:54:01', 'Đinh Đức Mạnh ', '2021-01-07 15:38:08', 'Nguyễn Văn Trường '),
('2bbbd485-6df2-536a-7e32-6a1673ffca7c', '529ef8c0-4625-74c5-7ba4-4b24de418577', '2022-06-23 10:56:07', 'Trịnh Tuấn Tuấn ', '2022-06-24 02:18:31', 'Hoàng Ngọc Mạnh '),
('2dcedb9c-6c32-7d27-977d-e8c757976496', '610e08c4-5baf-708b-5f39-bf9bc2f12cf0', '2022-06-20 05:26:29', 'Nguyễn Việt Anh ', '2022-06-24 19:13:24', 'Phạm Tuấn Mạnh '),
('2dcedb9c-6c32-7d27-977d-e8c757976496', '67ac0252-58aa-72c8-4ef6-9777a5de214b', '2020-01-01 00:07:49', 'Nguyễn Quốc Hoàng ', '2020-01-06 17:13:42', 'Trịnh Minh Anh '),
('404fe340-1fd3-414b-aadb-e5d54223c257', '580aecdb-127b-39e1-6741-16298a76bb64', '2022-07-31 21:14:05', 'Nguyễn Thái Ngọc ', '2022-08-07 08:48:24', 'Trịnh Thái Mạnh '),
('4577565a-7e3e-493a-74dd-867949feb8b5', '2000637a-2a69-2e7e-a135-f63bd3f197bd', '2020-12-30 18:51:14', 'Võ Minh Cường ', '2021-01-03 12:15:22', 'Trịnh Quốc Trường '),
('4577565a-7e3e-493a-74dd-867949feb8b5', '2cae53dc-6c39-2a1e-4df6-9777a5de214b', '2020-01-01 00:03:47', 'Hoàng  Thị Diễm', '2020-01-02 18:26:47', 'Nguyễn Minh Cường '),
('4577565a-7e3e-493a-74dd-867949feb8b5', '34e2b4cc-3758-293d-7aa4-4b24de418577', '2022-04-24 09:16:46', 'Lê Quang Mạnh ', '2022-04-29 21:48:52', 'Nguyễn  Thị Giang'),
('469b3ece-744a-45d5-957d-e8c757976496', '30007451-29ff-4fe4-3707-70859f4ff30d', '2020-01-01 00:00:07', 'Lê Đức Tuấn ', '2020-01-07 17:46:41', 'Hoàng Quang Khánh '),
('469b3ece-744a-45d5-957d-e8c757976496', '3e39129b-279f-623f-88ea-778aee59fea3', '2021-08-10 13:16:17', 'Phạm Quang Tuấn ', '2021-08-14 03:41:53', 'Nguyễn  Thị Ly'),
('4760d71f-6e2f-5b32-19cb-66948daf6128', '11131843-6f2a-7a2b-5052-ee3684e78c27', '2020-06-20 08:47:50', 'Phạm Quốc Nhật ', '2020-06-20 10:55:10', 'Nguyễn  Minh Hương'),
('4760d71f-6e2f-5b32-19cb-66948daf6128', '529ef8c0-4625-74c5-7ba4-4b24de418577', '2020-01-16 15:04:15', 'Nguyễn Văn Anh ', '2020-01-18 13:31:45', 'Bùi Ngọc Nhật '),
('4760d71f-6e2f-5b32-19cb-66948daf6128', '57c4d997-7a97-5cf3-94ef-c9d5c2d91e91', '2021-05-09 10:54:48', 'Võ Thái Hoàng ', '2021-05-14 14:48:19', 'Nguyễn Ngọc Thanh '),
('4d7b21db-2e02-12b7-a9db-e5d54223c257', '2f26fe39-4c98-690e-a235-f63bd3f197bd', '2020-12-04 01:25:04', 'Phạm Việt Khánh ', '2020-12-08 18:45:19', 'Võ Thái Khánh '),
('4d7b21db-2e02-12b7-a9db-e5d54223c257', '429ce6a6-62b9-6ad6-8aea-778aee59fea3', '2021-08-30 03:05:54', 'Nông Thái Hiếu ', '2021-09-06 02:52:27', 'Nguyễn Tuấn Minh '),
('4e272fc4-7875-78d6-7d32-6a1673ffca7c', '30007451-29ff-4fe4-3707-70859f4ff30d', '2021-01-30 07:57:38', 'Mai Ngọc Mạnh ', '2021-02-05 05:42:49', 'Nguyễn Quang Tuấn '),
('4e272fc4-7875-78d6-7d32-6a1673ffca7c', '3e39129b-279f-623f-88ea-778aee59fea3', '2020-01-01 00:00:08', 'Võ Thái Cường ', '2020-01-02 14:56:27', 'Nguyễn Thái Cường '),
('4e272fc4-7875-78d6-7d32-6a1673ffca7c', '6528b15d-6674-724f-79a4-4b24de418577', '2021-11-18 00:31:32', 'Trịnh Ngọc Trường ', '2021-11-21 04:34:54', 'Trịnh Minh Cường '),
('5660d465-6020-48f3-75dd-867949feb8b5', '5d571807-5b04-119e-3807-70859f4ff30d', '2020-03-20 11:01:10', 'Nguyễn  Thị Hương', '2020-03-23 08:46:30', 'Nguyễn Đức Khánh '),
('5660d465-6020-48f3-75dd-867949feb8b5', '67ac0252-58aa-72c8-4ef6-9777a5de214b', '2022-02-27 17:49:27', 'Trân Tuấn Bằng ', '2022-03-06 06:36:28', 'Trịnh Thái Bằng '),
('59d19422-6657-452e-a7db-e5d54223c257', '2cae53dc-6c39-2a1e-4df6-9777a5de214b', '2020-01-01 02:13:43', 'Mai Ngọc Hiếu ', '2020-01-05 22:34:45', 'Hoàng Quang Thành '),
('59d19422-6657-452e-a7db-e5d54223c257', '309d2263-2362-1f28-93ef-c9d5c2d91e91', '2020-11-10 05:04:47', 'Nguyễn Thái Mạnh ', '2020-11-11 07:18:33', 'Nguyễn Tuấn Mạnh '),
('59d19422-6657-452e-a7db-e5d54223c257', '529ef8c0-4625-74c5-7ba4-4b24de418577', '2021-12-22 12:29:24', 'Hoàng Văn Tuấn ', '2021-12-26 04:38:45', 'Nguyễn Đức Thanh '),
('5b2fcdf5-2050-7cb2-8f90-67245e8b283e', '11131843-6f2a-7a2b-5052-ee3684e78c27', '2021-04-12 08:57:52', 'Trân Việt Minh ', '2021-04-16 11:05:31', 'Võ Thái Trường '),
('5b2fcdf5-2050-7cb2-8f90-67245e8b283e', '191b53ff-4a53-52aa-6641-16298a76bb64', '2020-10-21 16:47:39', 'Nguyễn Ngọc Khánh ', '2020-10-22 12:32:06', 'Nguyễn Tuấn Thanh '),
('5b2fcdf5-2050-7cb2-8f90-67245e8b283e', '57c4d997-7a97-5cf3-94ef-c9d5c2d91e91', '2020-02-18 00:34:14', 'Nguyễn Tuấn Thái ', '2020-02-21 06:47:26', 'Bùi Văn Thuận '),
('68478414-705a-2626-5c92-08c864661f9c', '28e5fb2c-277e-7ba7-89ea-778aee59fea3', '2020-01-01 00:15:23', 'Nguyễn Văn Thuận ', '2020-01-05 13:54:43', 'Võ Ngọc Nhật '),
('68478414-705a-2626-5c92-08c864661f9c', '5c987ea5-6255-29be-49ee-40eadd5993d6', '2021-12-18 13:00:08', 'Trịnh Tuấn Thanh ', '2021-12-23 22:57:54', 'Hoàng Minh Hoàng '),
('7686595d-16d5-33b3-0080-e8e2a817c80e', '2000637a-2a69-2e7e-a135-f63bd3f197bd', '2020-07-19 17:32:21', 'Nguyễn Việt Trường ', '2020-07-24 07:35:06', 'Nguyễn Minh Hiếu '),
('7686595d-16d5-33b3-0080-e8e2a817c80e', '2cae53dc-6c39-2a1e-4df6-9777a5de214b', '2021-10-20 06:58:09', 'Nguyễn Thái Minh ', '2021-10-23 23:01:26', 'Nguyễn Ngọc Hương '),
('7686595d-16d5-33b3-0080-e8e2a817c80e', '309d2263-2362-1f28-93ef-c9d5c2d91e91', '2020-01-01 00:01:36', 'Trịnh Việt Nhật ', '2020-01-06 22:47:38', 'Nguyễn Tuấn Thuận '),
('768f8e64-7d10-20c9-967d-e8c757976496', '2000637a-2a69-2e7e-a135-f63bd3f197bd', '2021-03-01 13:42:17', 'Nguyễn Thái Khánh ', '2021-03-04 08:11:26', 'Trịnh Quốc Thái '),
('768f8e64-7d10-20c9-967d-e8c757976496', '34e2b4cc-3758-293d-7aa4-4b24de418577', '2021-08-18 08:46:32', 'Nguyễn Việt Cường ', '2021-08-25 00:27:01', 'Nguyễn  Diễm Hường'),
('7bec5682-21c4-666f-a8db-e5d54223c257', '28e5fb2c-277e-7ba7-89ea-778aee59fea3', '2020-08-24 13:26:45', 'Trịnh Minh Tuấn ', '2020-08-25 04:01:17', 'Trân Ngọc Thành '),
('7bec5682-21c4-666f-a8db-e5d54223c257', '5d571807-5b04-119e-3807-70859f4ff30d', '2022-02-24 12:48:16', 'Nguyễn Đức Minh ', '2022-02-25 05:48:28', 'Nguyễn Minh Hương ');

-- 
-- Restore previous SQL mode
-- 
/*!40101 SET SQL_MODE=@OLD_SQL_MODE */;

-- 
-- Enable foreign keys
-- 
/*!40014 SET FOREIGN_KEY_CHECKS = @OLD_FOREIGN_KEY_CHECKS */;